[{"model": "admin.logentry", "pk": 1, "fields": {"action_time": "2024-05-30T12:08:39.815Z", "user": 2, "content_type": 3, "object_id": "1", "object_repr": "admin", "action_flag": 1, "change_message": "[{\"added\": {}}]"}}, {"model": "admin.logentry", "pk": 2, "fields": {"action_time": "2024-05-30T12:08:50.086Z", "user": 2, "content_type": 16, "object_id": "1", "object_repr": "kirill256", "action_flag": 3, "change_message": ""}}, {"model": "admin.logentry", "pk": 3, "fields": {"action_time": "2024-05-30T12:11:30.410Z", "user": 2, "content_type": 6, "object_id": "1", "object_repr": "Франция", "action_flag": 1, "change_message": "[{\"added\": {}}]"}}, {"model": "admin.logentry", "pk": 4, "fields": {"action_time": "2024-05-30T12:11:46.723Z", "user": 2, "content_type": 7, "object_id": "1", "object_repr": "драма", "action_flag": 1, "change_message": "[{\"added\": {}}]"}}, {"model": "admin.logentry", "pk": 5, "fields": {"action_time": "2024-05-30T12:11:52.201Z", "user": 2, "content_type": 7, "object_id": "2", "object_repr": "комедия", "action_flag": 1, "change_message": "[{\"added\": {}}]"}}, {"model": "admin.logentry", "pk": 6, "fields": {"action_time": "2024-05-30T12:11:58.747Z", "user": 2, "content_type": 10, "object_id": "1", "object_repr": "2011", "action_flag": 1, "change_message": "[{\"added\": {}}]"}}, {"model": "admin.logentry", "pk": 7, "fields": {"action_time": "2024-05-30T12:12:33.872Z", "user": 2, "content_type": 11, "object_id": "1", "object_repr": "1+1", "action_flag": 1, "change_message": "[{\"added\": {}}]"}}, {"model": "admin.logentry", "pk": 8, "fields": {"action_time": "2024-05-30T12:14:43.865Z", "user": 2, "content_type": 9, "object_id": "1", "object_repr": "Режиссер", "action_flag": 1, "change_message": "[{\"added\": {}}]"}}, {"model": "admin.logentry", "pk": 9, "fields": {"action_time": "2024-05-30T12:14:50.388Z", "user": 2, "content_type": 9, "object_id": "2", "object_repr": "Актер", "action_flag": 1, "change_message": "[{\"added\": {}}]"}}, {"model": "admin.logentry", "pk": 10, "fields": {"action_time": "2024-05-30T12:14:54.340Z", "user": 2, "content_type": 9, "object_id": "3", "object_repr": "Сценарий", "action_flag": 1, "change_message": "[{\"added\": {}}]"}}, {"model": "admin.logentry", "pk": 11, "fields": {"action_time": "2024-05-30T12:14:59.788Z", "user": 2, "content_type": 9, "object_id": "4", "object_repr": "Продюсер", "action_flag": 1, "change_message": "[{\"added\": {}}]"}}, {"model": "admin.logentry", "pk": 12, "fields": {"action_time": "2024-05-30T12:15:03.866Z", "user": 2, "content_type": 9, "object_id": "5", "object_repr": "Оператор", "action_flag": 1, "change_message": "[{\"added\": {}}]"}}, {"model": "admin.logentry", "pk": 13, "fields": {"action_time": "2024-05-30T12:15:09.013Z", "user": 2, "content_type": 9, "object_id": "6", "object_repr": "Композитор", "action_flag": 1, "change_message": "[{\"added\": {}}]"}}, {"model": "admin.logentry", "pk": 14, "fields": {"action_time": "2024-05-30T12:15:14.001Z", "user": 2, "content_type": 9, "object_id": "7", "object_repr": "Художник", "action_flag": 1, "change_message": "[{\"added\": {}}]"}}, {"model": "admin.logentry", "pk": 15, "fields": {"action_time": "2024-05-30T12:32:54.119Z", "user": 2, "content_type": 8, "object_id": "1", "object_repr": "Оливье Накаш", "action_flag": 1, "change_message": "[{\"added\": {}}]"}}, {"model": "admin.logentry", "pk": 16, "fields": {"action_time": "2024-05-30T12:33:13.877Z", "user": 2, "content_type": 11, "object_id": "1", "object_repr": "1+1", "action_flag": 2, "change_message": "[{\"added\": {\"name\": \"\\u0420\\u043e\\u043b\\u044c \\u0447\\u0435\\u043b\\u043e\\u0432\\u0435\\u043a\\u0430 \\u0432 \\u0444\\u0438\\u043b\\u044c\\u043c\\u0435\", \"object\": \"PersonsRoles object (1)\"}}]"}}, {"model": "admin.logentry", "pk": 17, "fields": {"action_time": "2024-05-30T12:36:21.240Z", "user": 2, "content_type": 8, "object_id": "2", "object_repr": "Эрик Толедано", "action_flag": 1, "change_message": "[{\"added\": {}}]"}}, {"model": "admin.logentry", "pk": 18, "fields": {"action_time": "2024-05-30T12:36:30.679Z", "user": 2, "content_type": 11, "object_id": "1", "object_repr": "1+1", "action_flag": 2, "change_message": "[{\"added\": {\"name\": \"\\u0420\\u043e\\u043b\\u044c \\u0447\\u0435\\u043b\\u043e\\u0432\\u0435\\u043a\\u0430 \\u0432 \\u0444\\u0438\\u043b\\u044c\\u043c\\u0435\", \"object\": \"PersonsRoles object (2)\"}}]"}}, {"model": "admin.logentry", "pk": 19, "fields": {"action_time": "2024-05-30T12:36:49.581Z", "user": 2, "content_type": 11, "object_id": "1", "object_repr": "1+1", "action_flag": 2, "change_message": "[{\"added\": {\"name\": \"\\u0420\\u043e\\u043b\\u044c \\u0447\\u0435\\u043b\\u043e\\u0432\\u0435\\u043a\\u0430 \\u0432 \\u0444\\u0438\\u043b\\u044c\\u043c\\u0435\", \"object\": \"PersonsRoles object (3)\"}}, {\"added\": {\"name\": \"\\u0420\\u043e\\u043b\\u044c \\u0447\\u0435\\u043b\\u043e\\u0432\\u0435\\u043a\\u0430 \\u0432 \\u0444\\u0438\\u043b\\u044c\\u043c\\u0435\", \"object\": \"PersonsRoles object (4)\"}}]"}}, {"model": "admin.logentry", "pk": 20, "fields": {"action_time": "2024-05-30T12:37:30.890Z", "user": 2, "content_type": 8, "object_id": "3", "object_repr": "Арно Бертран", "action_flag": 1, "change_message": "[{\"added\": {}}]"}}, {"model": "admin.logentry", "pk": 21, "fields": {"action_time": "2024-05-30T12:38:01.125Z", "user": 2, "content_type": 11, "object_id": "1", "object_repr": "1+1", "action_flag": 2, "change_message": "[{\"added\": {\"name\": \"\\u0420\\u043e\\u043b\\u044c \\u0447\\u0435\\u043b\\u043e\\u0432\\u0435\\u043a\\u0430 \\u0432 \\u0444\\u0438\\u043b\\u044c\\u043c\\u0435\", \"object\": \"PersonsRoles object (5)\"}}, {\"added\": {\"name\": \"\\u0420\\u043e\\u043b\\u044c \\u0447\\u0435\\u043b\\u043e\\u0432\\u0435\\u043a\\u0430 \\u0432 \\u0444\\u0438\\u043b\\u044c\\u043c\\u0435\", \"object\": \"PersonsRoles object (6)\"}}]"}}, {"model": "admin.logentry", "pk": 22, "fields": {"action_time": "2024-05-30T12:38:49.080Z", "user": 2, "content_type": 8, "object_id": "4", "object_repr": "Матьё Вадпьед", "action_flag": 1, "change_message": "[{\"added\": {}}]"}}, {"model": "admin.logentry", "pk": 23, "fields": {"action_time": "2024-05-30T12:39:12.333Z", "user": 2, "content_type": 11, "object_id": "1", "object_repr": "1+1", "action_flag": 2, "change_message": "[{\"added\": {\"name\": \"\\u0420\\u043e\\u043b\\u044c \\u0447\\u0435\\u043b\\u043e\\u0432\\u0435\\u043a\\u0430 \\u0432 \\u0444\\u0438\\u043b\\u044c\\u043c\\u0435\", \"object\": \"PersonsRoles object (7)\"}}, {\"added\": {\"name\": \"\\u0420\\u043e\\u043b\\u044c \\u0447\\u0435\\u043b\\u043e\\u0432\\u0435\\u043a\\u0430 \\u0432 \\u0444\\u0438\\u043b\\u044c\\u043c\\u0435\", \"object\": \"PersonsRoles object (8)\"}}]"}}, {"model": "admin.logentry", "pk": 24, "fields": {"action_time": "2024-05-30T12:39:44.089Z", "user": 2, "content_type": 8, "object_id": "5", "object_repr": "Людовико Эйнауди", "action_flag": 1, "change_message": "[{\"added\": {}}]"}}, {"model": "admin.logentry", "pk": 25, "fields": {"action_time": "2024-05-30T12:39:50.042Z", "user": 2, "content_type": 11, "object_id": "1", "object_repr": "1+1", "action_flag": 2, "change_message": "[]"}}, {"model": "admin.logentry", "pk": 26, "fields": {"action_time": "2024-05-30T12:40:10.582Z", "user": 2, "content_type": 11, "object_id": "1", "object_repr": "1+1", "action_flag": 2, "change_message": "[{\"added\": {\"name\": \"\\u0420\\u043e\\u043b\\u044c \\u0447\\u0435\\u043b\\u043e\\u0432\\u0435\\u043a\\u0430 \\u0432 \\u0444\\u0438\\u043b\\u044c\\u043c\\u0435\", \"object\": \"PersonsRoles object (9)\"}}, {\"added\": {\"name\": \"\\u0420\\u043e\\u043b\\u044c \\u0447\\u0435\\u043b\\u043e\\u0432\\u0435\\u043a\\u0430 \\u0432 \\u0444\\u0438\\u043b\\u044c\\u043c\\u0435\", \"object\": \"PersonsRoles object (10)\"}}]"}}, {"model": "admin.logentry", "pk": 27, "fields": {"action_time": "2024-05-30T12:40:50.197Z", "user": 2, "content_type": 8, "object_id": "6", "object_repr": "Изабель Паннетье", "action_flag": 1, "change_message": "[{\"added\": {}}]"}}, {"model": "admin.logentry", "pk": 28, "fields": {"action_time": "2024-05-30T12:40:53.411Z", "user": 2, "content_type": 11, "object_id": "1", "object_repr": "1+1", "action_flag": 2, "change_message": "[{\"added\": {\"name\": \"\\u0420\\u043e\\u043b\\u044c \\u0447\\u0435\\u043b\\u043e\\u0432\\u0435\\u043a\\u0430 \\u0432 \\u0444\\u0438\\u043b\\u044c\\u043c\\u0435\", \"object\": \"PersonsRoles object (11)\"}}]"}}, {"model": "admin.logentry", "pk": 29, "fields": {"action_time": "2024-05-30T12:41:00.323Z", "user": 2, "content_type": 11, "object_id": "1", "object_repr": "1+1", "action_flag": 2, "change_message": "[{\"added\": {\"name\": \"\\u0420\\u043e\\u043b\\u044c \\u0447\\u0435\\u043b\\u043e\\u0432\\u0435\\u043a\\u0430 \\u0432 \\u0444\\u0438\\u043b\\u044c\\u043c\\u0435\", \"object\": \"PersonsRoles object (12)\"}}]"}}, {"model": "admin.logentry", "pk": 30, "fields": {"action_time": "2024-05-30T12:45:24.425Z", "user": 2, "content_type": 6, "object_id": "2", "object_repr": "США", "action_flag": 1, "change_message": "[{\"added\": {}}]"}}, {"model": "admin.logentry", "pk": 31, "fields": {"action_time": "2024-05-30T12:45:32.392Z", "user": 2, "content_type": 7, "object_id": "3", "object_repr": "криминал", "action_flag": 1, "change_message": "[{\"added\": {}}]"}}, {"model": "admin.logentry", "pk": 32, "fields": {"action_time": "2024-05-30T12:45:39.665Z", "user": 2, "content_type": 7, "object_id": "4", "object_repr": "фэнтези", "action_flag": 1, "change_message": "[{\"added\": {}}]"}}, {"model": "admin.logentry", "pk": 33, "fields": {"action_time": "2024-05-30T12:45:48.712Z", "user": 2, "content_type": 10, "object_id": "2", "object_repr": "1999", "action_flag": 1, "change_message": "[{\"added\": {}}]"}}, {"model": "admin.logentry", "pk": 34, "fields": {"action_time": "2024-05-30T12:46:28.612Z", "user": 2, "content_type": 11, "object_id": "2", "object_repr": "Зеленая миля", "action_flag": 1, "change_message": "[{\"added\": {}}]"}}, {"model": "admin.logentry", "pk": 35, "fields": {"action_time": "2024-05-30T12:48:22.018Z", "user": 2, "content_type": 8, "object_id": "7", "object_repr": "Фрэнк Дарабонт", "action_flag": 1, "change_message": "[{\"added\": {}}]"}}, {"model": "admin.logentry", "pk": 36, "fields": {"action_time": "2024-05-30T12:48:43.268Z", "user": 2, "content_type": 11, "object_id": "2", "object_repr": "Зеленая миля", "action_flag": 2, "change_message": "[{\"added\": {\"name\": \"\\u0420\\u043e\\u043b\\u044c \\u0447\\u0435\\u043b\\u043e\\u0432\\u0435\\u043a\\u0430 \\u0432 \\u0444\\u0438\\u043b\\u044c\\u043c\\u0435\", \"object\": \"PersonsRoles object (13)\"}}, {\"added\": {\"name\": \"\\u0420\\u043e\\u043b\\u044c \\u0447\\u0435\\u043b\\u043e\\u0432\\u0435\\u043a\\u0430 \\u0432 \\u0444\\u0438\\u043b\\u044c\\u043c\\u0435\", \"object\": \"PersonsRoles object (14)\"}}, {\"added\": {\"name\": \"\\u0420\\u043e\\u043b\\u044c \\u0447\\u0435\\u043b\\u043e\\u0432\\u0435\\u043a\\u0430 \\u0432 \\u0444\\u0438\\u043b\\u044c\\u043c\\u0435\", \"object\": \"PersonsRoles object (15)\"}}, {\"added\": {\"name\": \"\\u0420\\u043e\\u043b\\u044c \\u0447\\u0435\\u043b\\u043e\\u0432\\u0435\\u043a\\u0430 \\u0432 \\u0444\\u0438\\u043b\\u044c\\u043c\\u0435\", \"object\": \"PersonsRoles object (16)\"}}]"}}, {"model": "admin.logentry", "pk": 37, "fields": {"action_time": "2024-05-30T12:49:22.815Z", "user": 2, "content_type": 8, "object_id": "8", "object_repr": "Дэвид Тэттерсолл", "action_flag": 1, "change_message": "[{\"added\": {}}]"}}, {"model": "admin.logentry", "pk": 38, "fields": {"action_time": "2024-05-30T12:50:18.025Z", "user": 2, "content_type": 11, "object_id": "2", "object_repr": "Зеленая миля", "action_flag": 2, "change_message": "[{\"added\": {\"name\": \"\\u0420\\u043e\\u043b\\u044c \\u0447\\u0435\\u043b\\u043e\\u0432\\u0435\\u043a\\u0430 \\u0432 \\u0444\\u0438\\u043b\\u044c\\u043c\\u0435\", \"object\": \"PersonsRoles object (17)\"}}, {\"added\": {\"name\": \"\\u0420\\u043e\\u043b\\u044c \\u0447\\u0435\\u043b\\u043e\\u0432\\u0435\\u043a\\u0430 \\u0432 \\u0444\\u0438\\u043b\\u044c\\u043c\\u0435\", \"object\": \"PersonsRoles object (18)\"}}, {\"added\": {\"name\": \"\\u0420\\u043e\\u043b\\u044c \\u0447\\u0435\\u043b\\u043e\\u0432\\u0435\\u043a\\u0430 \\u0432 \\u0444\\u0438\\u043b\\u044c\\u043c\\u0435\", \"object\": \"PersonsRoles object (19)\"}}, {\"added\": {\"name\": \"\\u0420\\u043e\\u043b\\u044c \\u0447\\u0435\\u043b\\u043e\\u0432\\u0435\\u043a\\u0430 \\u0432 \\u0444\\u0438\\u043b\\u044c\\u043c\\u0435\", \"object\": \"PersonsRoles object (20)\"}}, {\"added\": {\"name\": \"\\u0420\\u043e\\u043b\\u044c \\u0447\\u0435\\u043b\\u043e\\u0432\\u0435\\u043a\\u0430 \\u0432 \\u0444\\u0438\\u043b\\u044c\\u043c\\u0435\", \"object\": \"PersonsRoles object (21)\"}}, {\"added\": {\"name\": \"\\u0420\\u043e\\u043b\\u044c \\u0447\\u0435\\u043b\\u043e\\u0432\\u0435\\u043a\\u0430 \\u0432 \\u0444\\u0438\\u043b\\u044c\\u043c\\u0435\", \"object\": \"PersonsRoles object (22)\"}}, {\"added\": {\"name\": \"\\u0420\\u043e\\u043b\\u044c \\u0447\\u0435\\u043b\\u043e\\u0432\\u0435\\u043a\\u0430 \\u0432 \\u0444\\u0438\\u043b\\u044c\\u043c\\u0435\", \"object\": \"PersonsRoles object (23)\"}}, {\"added\": {\"name\": \"\\u0420\\u043e\\u043b\\u044c \\u0447\\u0435\\u043b\\u043e\\u0432\\u0435\\u043a\\u0430 \\u0432 \\u0444\\u0438\\u043b\\u044c\\u043c\\u0435\", \"object\": \"PersonsRoles object (24)\"}}]"}}, {"model": "admin.logentry", "pk": 39, "fields": {"action_time": "2024-05-30T12:50:49.748Z", "user": 2, "content_type": 11, "object_id": "2", "object_repr": "Зеленая миля", "action_flag": 2, "change_message": "[{\"changed\": {\"name\": \"\\u0420\\u043e\\u043b\\u044c \\u0447\\u0435\\u043b\\u043e\\u0432\\u0435\\u043a\\u0430 \\u0432 \\u0444\\u0438\\u043b\\u044c\\u043c\\u0435\", \"object\": \"PersonsRoles object (24)\", \"fields\": [\"Person\"]}}]"}}, {"model": "admin.logentry", "pk": 40, "fields": {"action_time": "2024-05-30T12:52:06.298Z", "user": 2, "content_type": 7, "object_id": "5", "object_repr": "военный", "action_flag": 1, "change_message": "[{\"added\": {}}]"}}, {"model": "admin.logentry", "pk": 41, "fields": {"action_time": "2024-05-30T12:52:18.512Z", "user": 2, "content_type": 7, "object_id": "6", "object_repr": "история", "action_flag": 1, "change_message": "[{\"added\": {}}]"}}, {"model": "admin.logentry", "pk": 42, "fields": {"action_time": "2024-05-30T12:52:25.158Z", "user": 2, "content_type": 7, "object_id": "7", "object_repr": "мелодрама", "action_flag": 1, "change_message": "[{\"added\": {}}]"}}, {"model": "admin.logentry", "pk": 43, "fields": {"action_time": "2024-05-30T12:52:34.191Z", "user": 2, "content_type": 10, "object_id": "3", "object_repr": "1994", "action_flag": 1, "change_message": "[{\"added\": {}}]"}}, {"model": "admin.logentry", "pk": 44, "fields": {"action_time": "2024-05-30T12:53:50.248Z", "user": 2, "content_type": 11, "object_id": "3", "object_repr": "Форрест Гамп", "action_flag": 1, "change_message": "[{\"added\": {}}, {\"added\": {\"name\": \"\\u0420\\u043e\\u043b\\u044c \\u0447\\u0435\\u043b\\u043e\\u0432\\u0435\\u043a\\u0430 \\u0432 \\u0444\\u0438\\u043b\\u044c\\u043c\\u0435\", \"object\": \"PersonsRoles object (25)\"}}, {\"added\": {\"name\": \"\\u0420\\u043e\\u043b\\u044c \\u0447\\u0435\\u043b\\u043e\\u0432\\u0435\\u043a\\u0430 \\u0432 \\u0444\\u0438\\u043b\\u044c\\u043c\\u0435\", \"object\": \"PersonsRoles object (26)\"}}, {\"added\": {\"name\": \"\\u0420\\u043e\\u043b\\u044c \\u0447\\u0435\\u043b\\u043e\\u0432\\u0435\\u043a\\u0430 \\u0432 \\u0444\\u0438\\u043b\\u044c\\u043c\\u0435\", \"object\": \"PersonsRoles object (27)\"}}, {\"added\": {\"name\": \"\\u0420\\u043e\\u043b\\u044c \\u0447\\u0435\\u043b\\u043e\\u0432\\u0435\\u043a\\u0430 \\u0432 \\u0444\\u0438\\u043b\\u044c\\u043c\\u0435\", \"object\": \"PersonsRoles object (28)\"}}, {\"added\": {\"name\": \"\\u0420\\u043e\\u043b\\u044c \\u0447\\u0435\\u043b\\u043e\\u0432\\u0435\\u043a\\u0430 \\u0432 \\u0444\\u0438\\u043b\\u044c\\u043c\\u0435\", \"object\": \"PersonsRoles object (29)\"}}, {\"added\": {\"name\": \"\\u0420\\u043e\\u043b\\u044c \\u0447\\u0435\\u043b\\u043e\\u0432\\u0435\\u043a\\u0430 \\u0432 \\u0444\\u0438\\u043b\\u044c\\u043c\\u0435\", \"object\": \"PersonsRoles object (30)\"}}, {\"added\": {\"name\": \"\\u0420\\u043e\\u043b\\u044c \\u0447\\u0435\\u043b\\u043e\\u0432\\u0435\\u043a\\u0430 \\u0432 \\u0444\\u0438\\u043b\\u044c\\u043c\\u0435\", \"object\": \"PersonsRoles object (31)\"}}, {\"added\": {\"name\": \"\\u0420\\u043e\\u043b\\u044c \\u0447\\u0435\\u043b\\u043e\\u0432\\u0435\\u043a\\u0430 \\u0432 \\u0444\\u0438\\u043b\\u044c\\u043c\\u0435\", \"object\": \"PersonsRoles object (32)\"}}, {\"added\": {\"name\": \"\\u0420\\u043e\\u043b\\u044c \\u0447\\u0435\\u043b\\u043e\\u0432\\u0435\\u043a\\u0430 \\u0432 \\u0444\\u0438\\u043b\\u044c\\u043c\\u0435\", \"object\": \"PersonsRoles object (33)\"}}]"}}, {"model": "admin.logentry", "pk": 45, "fields": {"action_time": "2024-05-30T12:55:39.877Z", "user": 2, "content_type": 6, "object_id": "3", "object_repr": "Германия", "action_flag": 1, "change_message": "[{\"added\": {}}]"}}, {"model": "admin.logentry", "pk": 46, "fields": {"action_time": "2024-05-30T12:56:02.862Z", "user": 2, "content_type": 7, "object_id": "8", "object_repr": "триллер", "action_flag": 1, "change_message": "[{\"added\": {}}]"}}, {"model": "admin.logentry", "pk": 47, "fields": {"action_time": "2024-05-30T12:57:24.148Z", "user": 2, "content_type": 11, "object_id": "4", "object_repr": "Бойцовский клуб", "action_flag": 1, "change_message": "[{\"added\": {}}, {\"added\": {\"name\": \"\\u0420\\u043e\\u043b\\u044c \\u0447\\u0435\\u043b\\u043e\\u0432\\u0435\\u043a\\u0430 \\u0432 \\u0444\\u0438\\u043b\\u044c\\u043c\\u0435\", \"object\": \"PersonsRoles object (34)\"}}, {\"added\": {\"name\": \"\\u0420\\u043e\\u043b\\u044c \\u0447\\u0435\\u043b\\u043e\\u0432\\u0435\\u043a\\u0430 \\u0432 \\u0444\\u0438\\u043b\\u044c\\u043c\\u0435\", \"object\": \"PersonsRoles object (35)\"}}, {\"added\": {\"name\": \"\\u0420\\u043e\\u043b\\u044c \\u0447\\u0435\\u043b\\u043e\\u0432\\u0435\\u043a\\u0430 \\u0432 \\u0444\\u0438\\u043b\\u044c\\u043c\\u0435\", \"object\": \"PersonsRoles object (36)\"}}, {\"added\": {\"name\": \"\\u0420\\u043e\\u043b\\u044c \\u0447\\u0435\\u043b\\u043e\\u0432\\u0435\\u043a\\u0430 \\u0432 \\u0444\\u0438\\u043b\\u044c\\u043c\\u0435\", \"object\": \"PersonsRoles object (37)\"}}, {\"added\": {\"name\": \"\\u0420\\u043e\\u043b\\u044c \\u0447\\u0435\\u043b\\u043e\\u0432\\u0435\\u043a\\u0430 \\u0432 \\u0444\\u0438\\u043b\\u044c\\u043c\\u0435\", \"object\": \"PersonsRoles object (38)\"}}, {\"added\": {\"name\": \"\\u0420\\u043e\\u043b\\u044c \\u0447\\u0435\\u043b\\u043e\\u0432\\u0435\\u043a\\u0430 \\u0432 \\u0444\\u0438\\u043b\\u044c\\u043c\\u0435\", \"object\": \"PersonsRoles object (39)\"}}, {\"added\": {\"name\": \"\\u0420\\u043e\\u043b\\u044c \\u0447\\u0435\\u043b\\u043e\\u0432\\u0435\\u043a\\u0430 \\u0432 \\u0444\\u0438\\u043b\\u044c\\u043c\\u0435\", \"object\": \"PersonsRoles object (40)\"}}, {\"added\": {\"name\": \"\\u0420\\u043e\\u043b\\u044c \\u0447\\u0435\\u043b\\u043e\\u0432\\u0435\\u043a\\u0430 \\u0432 \\u0444\\u0438\\u043b\\u044c\\u043c\\u0435\", \"object\": \"PersonsRoles object (41)\"}}, {\"added\": {\"name\": \"\\u0420\\u043e\\u043b\\u044c \\u0447\\u0435\\u043b\\u043e\\u0432\\u0435\\u043a\\u0430 \\u0432 \\u0444\\u0438\\u043b\\u044c\\u043c\\u0435\", \"object\": \"PersonsRoles object (42)\"}}, {\"added\": {\"name\": \"\\u0420\\u043e\\u043b\\u044c \\u0447\\u0435\\u043b\\u043e\\u0432\\u0435\\u043a\\u0430 \\u0432 \\u0444\\u0438\\u043b\\u044c\\u043c\\u0435\", \"object\": \"PersonsRoles object (43)\"}}, {\"added\": {\"name\": \"\\u0420\\u043e\\u043b\\u044c \\u0447\\u0435\\u043b\\u043e\\u0432\\u0435\\u043a\\u0430 \\u0432 \\u0444\\u0438\\u043b\\u044c\\u043c\\u0435\", \"object\": \"PersonsRoles object (44)\"}}, {\"added\": {\"name\": \"\\u0420\\u043e\\u043b\\u044c \\u0447\\u0435\\u043b\\u043e\\u0432\\u0435\\u043a\\u0430 \\u0432 \\u0444\\u0438\\u043b\\u044c\\u043c\\u0435\", \"object\": \"PersonsRoles object (45)\"}}]"}}, {"model": "admin.logentry", "pk": 48, "fields": {"action_time": "2024-05-30T13:00:04.661Z", "user": 2, "content_type": 6, "object_id": "4", "object_repr": "Канада", "action_flag": 1, "change_message": "[{\"added\": {}}]"}}, {"model": "admin.logentry", "pk": 49, "fields": {"action_time": "2024-05-30T13:00:16.286Z", "user": 2, "content_type": 7, "object_id": "9", "object_repr": "фантастика", "action_flag": 1, "change_message": "[{\"added\": {}}]"}}, {"model": "admin.logentry", "pk": 50, "fields": {"action_time": "2024-05-30T13:00:23.358Z", "user": 2, "content_type": 7, "object_id": "10", "object_repr": "приключение", "action_flag": 1, "change_message": "[{\"added\": {}}]"}}, {"model": "admin.logentry", "pk": 51, "fields": {"action_time": "2024-05-30T13:00:29.982Z", "user": 2, "content_type": 10, "object_id": "4", "object_repr": "2014", "action_flag": 1, "change_message": "[{\"added\": {}}]"}}, {"model": "admin.logentry", "pk": 52, "fields": {"action_time": "2024-05-30T13:01:26.900Z", "user": 2, "content_type": 8, "object_id": "9", "object_repr": "Кристофер Нолан", "action_flag": 1, "change_message": "[{\"added\": {}}]"}}, {"model": "admin.logentry", "pk": 53, "fields": {"action_time": "2024-05-30T13:01:29.630Z", "user": 2, "content_type": 11, "object_id": "5", "object_repr": "Интерстеллар", "action_flag": 1, "change_message": "[{\"added\": {}}]"}}, {"model": "admin.logentry", "pk": 54, "fields": {"action_time": "2024-05-30T13:02:12.225Z", "user": 2, "content_type": 11, "object_id": "5", "object_repr": "Интерстеллар", "action_flag": 2, "change_message": "[{\"added\": {\"name\": \"\\u0420\\u043e\\u043b\\u044c \\u0447\\u0435\\u043b\\u043e\\u0432\\u0435\\u043a\\u0430 \\u0432 \\u0444\\u0438\\u043b\\u044c\\u043c\\u0435\", \"object\": \"PersonsRoles object (46)\"}}, {\"added\": {\"name\": \"\\u0420\\u043e\\u043b\\u044c \\u0447\\u0435\\u043b\\u043e\\u0432\\u0435\\u043a\\u0430 \\u0432 \\u0444\\u0438\\u043b\\u044c\\u043c\\u0435\", \"object\": \"PersonsRoles object (47)\"}}, {\"added\": {\"name\": \"\\u0420\\u043e\\u043b\\u044c \\u0447\\u0435\\u043b\\u043e\\u0432\\u0435\\u043a\\u0430 \\u0432 \\u0444\\u0438\\u043b\\u044c\\u043c\\u0435\", \"object\": \"PersonsRoles object (48)\"}}, {\"added\": {\"name\": \"\\u0420\\u043e\\u043b\\u044c \\u0447\\u0435\\u043b\\u043e\\u0432\\u0435\\u043a\\u0430 \\u0432 \\u0444\\u0438\\u043b\\u044c\\u043c\\u0435\", \"object\": \"PersonsRoles object (49)\"}}, {\"added\": {\"name\": \"\\u0420\\u043e\\u043b\\u044c \\u0447\\u0435\\u043b\\u043e\\u0432\\u0435\\u043a\\u0430 \\u0432 \\u0444\\u0438\\u043b\\u044c\\u043c\\u0435\", \"object\": \"PersonsRoles object (50)\"}}, {\"added\": {\"name\": \"\\u0420\\u043e\\u043b\\u044c \\u0447\\u0435\\u043b\\u043e\\u0432\\u0435\\u043a\\u0430 \\u0432 \\u0444\\u0438\\u043b\\u044c\\u043c\\u0435\", \"object\": \"PersonsRoles object (51)\"}}, {\"added\": {\"name\": \"\\u0420\\u043e\\u043b\\u044c \\u0447\\u0435\\u043b\\u043e\\u0432\\u0435\\u043a\\u0430 \\u0432 \\u0444\\u0438\\u043b\\u044c\\u043c\\u0435\", \"object\": \"PersonsRoles object (52)\"}}, {\"added\": {\"name\": \"\\u0420\\u043e\\u043b\\u044c \\u0447\\u0435\\u043b\\u043e\\u0432\\u0435\\u043a\\u0430 \\u0432 \\u0444\\u0438\\u043b\\u044c\\u043c\\u0435\", \"object\": \"PersonsRoles object (53)\"}}, {\"added\": {\"name\": \"\\u0420\\u043e\\u043b\\u044c \\u0447\\u0435\\u043b\\u043e\\u0432\\u0435\\u043a\\u0430 \\u0432 \\u0444\\u0438\\u043b\\u044c\\u043c\\u0435\", \"object\": \"PersonsRoles object (54)\"}}, {\"added\": {\"name\": \"\\u0420\\u043e\\u043b\\u044c \\u0447\\u0435\\u043b\\u043e\\u0432\\u0435\\u043a\\u0430 \\u0432 \\u0444\\u0438\\u043b\\u044c\\u043c\\u0435\", \"object\": \"PersonsRoles object (55)\"}}, {\"added\": {\"name\": \"\\u0420\\u043e\\u043b\\u044c \\u0447\\u0435\\u043b\\u043e\\u0432\\u0435\\u043a\\u0430 \\u0432 \\u0444\\u0438\\u043b\\u044c\\u043c\\u0435\", \"object\": \"PersonsRoles object (56)\"}}]"}}, {"model": "admin.logentry", "pk": 55, "fields": {"action_time": "2024-05-30T13:13:05.102Z", "user": 2, "content_type": 11, "object_id": "6", "object_repr": "Побег из Шоушенка", "action_flag": 1, "change_message": "[{\"added\": {}}, {\"added\": {\"name\": \"\\u0420\\u043e\\u043b\\u044c \\u0447\\u0435\\u043b\\u043e\\u0432\\u0435\\u043a\\u0430 \\u0432 \\u0444\\u0438\\u043b\\u044c\\u043c\\u0435\", \"object\": \"PersonsRoles object (57)\"}}, {\"added\": {\"name\": \"\\u0420\\u043e\\u043b\\u044c \\u0447\\u0435\\u043b\\u043e\\u0432\\u0435\\u043a\\u0430 \\u0432 \\u0444\\u0438\\u043b\\u044c\\u043c\\u0435\", \"object\": \"PersonsRoles object (58)\"}}, {\"added\": {\"name\": \"\\u0420\\u043e\\u043b\\u044c \\u0447\\u0435\\u043b\\u043e\\u0432\\u0435\\u043a\\u0430 \\u0432 \\u0444\\u0438\\u043b\\u044c\\u043c\\u0435\", \"object\": \"PersonsRoles object (59)\"}}, {\"added\": {\"name\": \"\\u0420\\u043e\\u043b\\u044c \\u0447\\u0435\\u043b\\u043e\\u0432\\u0435\\u043a\\u0430 \\u0432 \\u0444\\u0438\\u043b\\u044c\\u043c\\u0435\", \"object\": \"PersonsRoles object (60)\"}}, {\"added\": {\"name\": \"\\u0420\\u043e\\u043b\\u044c \\u0447\\u0435\\u043b\\u043e\\u0432\\u0435\\u043a\\u0430 \\u0432 \\u0444\\u0438\\u043b\\u044c\\u043c\\u0435\", \"object\": \"PersonsRoles object (61)\"}}, {\"added\": {\"name\": \"\\u0420\\u043e\\u043b\\u044c \\u0447\\u0435\\u043b\\u043e\\u0432\\u0435\\u043a\\u0430 \\u0432 \\u0444\\u0438\\u043b\\u044c\\u043c\\u0435\", \"object\": \"PersonsRoles object (62)\"}}, {\"added\": {\"name\": \"\\u0420\\u043e\\u043b\\u044c \\u0447\\u0435\\u043b\\u043e\\u0432\\u0435\\u043a\\u0430 \\u0432 \\u0444\\u0438\\u043b\\u044c\\u043c\\u0435\", \"object\": \"PersonsRoles object (63)\"}}, {\"added\": {\"name\": \"\\u0420\\u043e\\u043b\\u044c \\u0447\\u0435\\u043b\\u043e\\u0432\\u0435\\u043a\\u0430 \\u0432 \\u0444\\u0438\\u043b\\u044c\\u043c\\u0435\", \"object\": \"PersonsRoles object (64)\"}}, {\"added\": {\"name\": \"\\u0420\\u043e\\u043b\\u044c \\u0447\\u0435\\u043b\\u043e\\u0432\\u0435\\u043a\\u0430 \\u0432 \\u0444\\u0438\\u043b\\u044c\\u043c\\u0435\", \"object\": \"PersonsRoles object (65)\"}}]"}}, {"model": "admin.logentry", "pk": 56, "fields": {"action_time": "2024-05-30T13:15:49.180Z", "user": 2, "content_type": 11, "object_id": "7", "object_repr": "Криминальное чтиво", "action_flag": 1, "change_message": "[{\"added\": {}}, {\"added\": {\"name\": \"\\u0420\\u043e\\u043b\\u044c \\u0447\\u0435\\u043b\\u043e\\u0432\\u0435\\u043a\\u0430 \\u0432 \\u0444\\u0438\\u043b\\u044c\\u043c\\u0435\", \"object\": \"PersonsRoles object (66)\"}}, {\"added\": {\"name\": \"\\u0420\\u043e\\u043b\\u044c \\u0447\\u0435\\u043b\\u043e\\u0432\\u0435\\u043a\\u0430 \\u0432 \\u0444\\u0438\\u043b\\u044c\\u043c\\u0435\", \"object\": \"PersonsRoles object (67)\"}}, {\"added\": {\"name\": \"\\u0420\\u043e\\u043b\\u044c \\u0447\\u0435\\u043b\\u043e\\u0432\\u0435\\u043a\\u0430 \\u0432 \\u0444\\u0438\\u043b\\u044c\\u043c\\u0435\", \"object\": \"PersonsRoles object (68)\"}}, {\"added\": {\"name\": \"\\u0420\\u043e\\u043b\\u044c \\u0447\\u0435\\u043b\\u043e\\u0432\\u0435\\u043a\\u0430 \\u0432 \\u0444\\u0438\\u043b\\u044c\\u043c\\u0435\", \"object\": \"PersonsRoles object (69)\"}}, {\"added\": {\"name\": \"\\u0420\\u043e\\u043b\\u044c \\u0447\\u0435\\u043b\\u043e\\u0432\\u0435\\u043a\\u0430 \\u0432 \\u0444\\u0438\\u043b\\u044c\\u043c\\u0435\", \"object\": \"PersonsRoles object (70)\"}}, {\"added\": {\"name\": \"\\u0420\\u043e\\u043b\\u044c \\u0447\\u0435\\u043b\\u043e\\u0432\\u0435\\u043a\\u0430 \\u0432 \\u0444\\u0438\\u043b\\u044c\\u043c\\u0435\", \"object\": \"PersonsRoles object (71)\"}}, {\"added\": {\"name\": \"\\u0420\\u043e\\u043b\\u044c \\u0447\\u0435\\u043b\\u043e\\u0432\\u0435\\u043a\\u0430 \\u0432 \\u0444\\u0438\\u043b\\u044c\\u043c\\u0435\", \"object\": \"PersonsRoles object (72)\"}}, {\"added\": {\"name\": \"\\u0420\\u043e\\u043b\\u044c \\u0447\\u0435\\u043b\\u043e\\u0432\\u0435\\u043a\\u0430 \\u0432 \\u0444\\u0438\\u043b\\u044c\\u043c\\u0435\", \"object\": \"PersonsRoles object (73)\"}}, {\"added\": {\"name\": \"\\u0420\\u043e\\u043b\\u044c \\u0447\\u0435\\u043b\\u043e\\u0432\\u0435\\u043a\\u0430 \\u0432 \\u0444\\u0438\\u043b\\u044c\\u043c\\u0435\", \"object\": \"PersonsRoles object (74)\"}}, {\"added\": {\"name\": \"\\u0420\\u043e\\u043b\\u044c \\u0447\\u0435\\u043b\\u043e\\u0432\\u0435\\u043a\\u0430 \\u0432 \\u0444\\u0438\\u043b\\u044c\\u043c\\u0435\", \"object\": \"PersonsRoles object (75)\"}}, {\"added\": {\"name\": \"\\u0420\\u043e\\u043b\\u044c \\u0447\\u0435\\u043b\\u043e\\u0432\\u0435\\u043a\\u0430 \\u0432 \\u0444\\u0438\\u043b\\u044c\\u043c\\u0435\", \"object\": \"PersonsRoles object (76)\"}}]"}}, {"model": "admin.logentry", "pk": 57, "fields": {"action_time": "2024-05-30T13:20:06.129Z", "user": 2, "content_type": 7, "object_id": "11", "object_repr": "детектив", "action_flag": 1, "change_message": "[{\"added\": {}}]"}}, {"model": "admin.logentry", "pk": 58, "fields": {"action_time": "2024-05-30T13:20:22.655Z", "user": 2, "content_type": 10, "object_id": "5", "object_repr": "2009", "action_flag": 1, "change_message": "[{\"added\": {}}]"}}, {"model": "admin.logentry", "pk": 59, "fields": {"action_time": "2024-05-30T13:21:41.341Z", "user": 2, "content_type": 11, "object_id": "8", "object_repr": "Остров проклятых", "action_flag": 1, "change_message": "[{\"added\": {}}, {\"added\": {\"name\": \"\\u0420\\u043e\\u043b\\u044c \\u0447\\u0435\\u043b\\u043e\\u0432\\u0435\\u043a\\u0430 \\u0432 \\u0444\\u0438\\u043b\\u044c\\u043c\\u0435\", \"object\": \"PersonsRoles object (77)\"}}, {\"added\": {\"name\": \"\\u0420\\u043e\\u043b\\u044c \\u0447\\u0435\\u043b\\u043e\\u0432\\u0435\\u043a\\u0430 \\u0432 \\u0444\\u0438\\u043b\\u044c\\u043c\\u0435\", \"object\": \"PersonsRoles object (78)\"}}, {\"added\": {\"name\": \"\\u0420\\u043e\\u043b\\u044c \\u0447\\u0435\\u043b\\u043e\\u0432\\u0435\\u043a\\u0430 \\u0432 \\u0444\\u0438\\u043b\\u044c\\u043c\\u0435\", \"object\": \"PersonsRoles object (79)\"}}, {\"added\": {\"name\": \"\\u0420\\u043e\\u043b\\u044c \\u0447\\u0435\\u043b\\u043e\\u0432\\u0435\\u043a\\u0430 \\u0432 \\u0444\\u0438\\u043b\\u044c\\u043c\\u0435\", \"object\": \"PersonsRoles object (80)\"}}, {\"added\": {\"name\": \"\\u0420\\u043e\\u043b\\u044c \\u0447\\u0435\\u043b\\u043e\\u0432\\u0435\\u043a\\u0430 \\u0432 \\u0444\\u0438\\u043b\\u044c\\u043c\\u0435\", \"object\": \"PersonsRoles object (81)\"}}, {\"added\": {\"name\": \"\\u0420\\u043e\\u043b\\u044c \\u0447\\u0435\\u043b\\u043e\\u0432\\u0435\\u043a\\u0430 \\u0432 \\u0444\\u0438\\u043b\\u044c\\u043c\\u0435\", \"object\": \"PersonsRoles object (82)\"}}, {\"added\": {\"name\": \"\\u0420\\u043e\\u043b\\u044c \\u0447\\u0435\\u043b\\u043e\\u0432\\u0435\\u043a\\u0430 \\u0432 \\u0444\\u0438\\u043b\\u044c\\u043c\\u0435\", \"object\": \"PersonsRoles object (83)\"}}, {\"added\": {\"name\": \"\\u0420\\u043e\\u043b\\u044c \\u0447\\u0435\\u043b\\u043e\\u0432\\u0435\\u043a\\u0430 \\u0432 \\u0444\\u0438\\u043b\\u044c\\u043c\\u0435\", \"object\": \"PersonsRoles object (84)\"}}, {\"added\": {\"name\": \"\\u0420\\u043e\\u043b\\u044c \\u0447\\u0435\\u043b\\u043e\\u0432\\u0435\\u043a\\u0430 \\u0432 \\u0444\\u0438\\u043b\\u044c\\u043c\\u0435\", \"object\": \"PersonsRoles object (85)\"}}, {\"added\": {\"name\": \"\\u0420\\u043e\\u043b\\u044c \\u0447\\u0435\\u043b\\u043e\\u0432\\u0435\\u043a\\u0430 \\u0432 \\u0444\\u0438\\u043b\\u044c\\u043c\\u0435\", \"object\": \"PersonsRoles object (86)\"}}, {\"added\": {\"name\": \"\\u0420\\u043e\\u043b\\u044c \\u0447\\u0435\\u043b\\u043e\\u0432\\u0435\\u043a\\u0430 \\u0432 \\u0444\\u0438\\u043b\\u044c\\u043c\\u0435\", \"object\": \"PersonsRoles object (87)\"}}]"}}, {"model": "admin.logentry", "pk": 60, "fields": {"action_time": "2024-05-30T13:23:47.056Z", "user": 2, "content_type": 10, "object_id": "6", "object_repr": "2001", "action_flag": 1, "change_message": "[{\"added\": {}}]"}}, {"model": "admin.logentry", "pk": 61, "fields": {"action_time": "2024-05-30T13:24:54.655Z", "user": 2, "content_type": 11, "object_id": "9", "object_repr": "Шрэк", "action_flag": 1, "change_message": "[{\"added\": {}}, {\"added\": {\"name\": \"\\u0420\\u043e\\u043b\\u044c \\u0447\\u0435\\u043b\\u043e\\u0432\\u0435\\u043a\\u0430 \\u0432 \\u0444\\u0438\\u043b\\u044c\\u043c\\u0435\", \"object\": \"PersonsRoles object (88)\"}}, {\"added\": {\"name\": \"\\u0420\\u043e\\u043b\\u044c \\u0447\\u0435\\u043b\\u043e\\u0432\\u0435\\u043a\\u0430 \\u0432 \\u0444\\u0438\\u043b\\u044c\\u043c\\u0435\", \"object\": \"PersonsRoles object (89)\"}}, {\"added\": {\"name\": \"\\u0420\\u043e\\u043b\\u044c \\u0447\\u0435\\u043b\\u043e\\u0432\\u0435\\u043a\\u0430 \\u0432 \\u0444\\u0438\\u043b\\u044c\\u043c\\u0435\", \"object\": \"PersonsRoles object (90)\"}}, {\"added\": {\"name\": \"\\u0420\\u043e\\u043b\\u044c \\u0447\\u0435\\u043b\\u043e\\u0432\\u0435\\u043a\\u0430 \\u0432 \\u0444\\u0438\\u043b\\u044c\\u043c\\u0435\", \"object\": \"PersonsRoles object (91)\"}}, {\"added\": {\"name\": \"\\u0420\\u043e\\u043b\\u044c \\u0447\\u0435\\u043b\\u043e\\u0432\\u0435\\u043a\\u0430 \\u0432 \\u0444\\u0438\\u043b\\u044c\\u043c\\u0435\", \"object\": \"PersonsRoles object (92)\"}}, {\"added\": {\"name\": \"\\u0420\\u043e\\u043b\\u044c \\u0447\\u0435\\u043b\\u043e\\u0432\\u0435\\u043a\\u0430 \\u0432 \\u0444\\u0438\\u043b\\u044c\\u043c\\u0435\", \"object\": \"PersonsRoles object (93)\"}}, {\"added\": {\"name\": \"\\u0420\\u043e\\u043b\\u044c \\u0447\\u0435\\u043b\\u043e\\u0432\\u0435\\u043a\\u0430 \\u0432 \\u0444\\u0438\\u043b\\u044c\\u043c\\u0435\", \"object\": \"PersonsRoles object (94)\"}}, {\"added\": {\"name\": \"\\u0420\\u043e\\u043b\\u044c \\u0447\\u0435\\u043b\\u043e\\u0432\\u0435\\u043a\\u0430 \\u0432 \\u0444\\u0438\\u043b\\u044c\\u043c\\u0435\", \"object\": \"PersonsRoles object (95)\"}}, {\"added\": {\"name\": \"\\u0420\\u043e\\u043b\\u044c \\u0447\\u0435\\u043b\\u043e\\u0432\\u0435\\u043a\\u0430 \\u0432 \\u0444\\u0438\\u043b\\u044c\\u043c\\u0435\", \"object\": \"PersonsRoles object (96)\"}}, {\"added\": {\"name\": \"\\u0420\\u043e\\u043b\\u044c \\u0447\\u0435\\u043b\\u043e\\u0432\\u0435\\u043a\\u0430 \\u0432 \\u0444\\u0438\\u043b\\u044c\\u043c\\u0435\", \"object\": \"PersonsRoles object (97)\"}}]"}}, {"model": "admin.logentry", "pk": 62, "fields": {"action_time": "2024-05-30T13:25:06.390Z", "user": 2, "content_type": 11, "object_id": "9", "object_repr": "Шрэк", "action_flag": 2, "change_message": "[]"}}, {"model": "auth.permission", "pk": 1, "fields": {"name": "Can add log entry", "content_type": 1, "codename": "add_logentry"}}, {"model": "auth.permission", "pk": 2, "fields": {"name": "Can change log entry", "content_type": 1, "codename": "change_logentry"}}, {"model": "auth.permission", "pk": 3, "fields": {"name": "Can delete log entry", "content_type": 1, "codename": "delete_logentry"}}, {"model": "auth.permission", "pk": 4, "fields": {"name": "Can view log entry", "content_type": 1, "codename": "view_logentry"}}, {"model": "auth.permission", "pk": 5, "fields": {"name": "Can add permission", "content_type": 2, "codename": "add_permission"}}, {"model": "auth.permission", "pk": 6, "fields": {"name": "Can change permission", "content_type": 2, "codename": "change_permission"}}, {"model": "auth.permission", "pk": 7, "fields": {"name": "Can delete permission", "content_type": 2, "codename": "delete_permission"}}, {"model": "auth.permission", "pk": 8, "fields": {"name": "Can view permission", "content_type": 2, "codename": "view_permission"}}, {"model": "auth.permission", "pk": 9, "fields": {"name": "Can add group", "content_type": 3, "codename": "add_group"}}, {"model": "auth.permission", "pk": 10, "fields": {"name": "Can change group", "content_type": 3, "codename": "change_group"}}, {"model": "auth.permission", "pk": 11, "fields": {"name": "Can delete group", "content_type": 3, "codename": "delete_group"}}, {"model": "auth.permission", "pk": 12, "fields": {"name": "Can view group", "content_type": 3, "codename": "view_group"}}, {"model": "auth.permission", "pk": 13, "fields": {"name": "Can add content type", "content_type": 4, "codename": "add_contenttype"}}, {"model": "auth.permission", "pk": 14, "fields": {"name": "Can change content type", "content_type": 4, "codename": "change_contenttype"}}, {"model": "auth.permission", "pk": 15, "fields": {"name": "Can delete content type", "content_type": 4, "codename": "delete_contenttype"}}, {"model": "auth.permission", "pk": 16, "fields": {"name": "Can view content type", "content_type": 4, "codename": "view_contenttype"}}, {"model": "auth.permission", "pk": 17, "fields": {"name": "Can add session", "content_type": 5, "codename": "add_session"}}, {"model": "auth.permission", "pk": 18, "fields": {"name": "Can change session", "content_type": 5, "codename": "change_session"}}, {"model": "auth.permission", "pk": 19, "fields": {"name": "Can delete session", "content_type": 5, "codename": "delete_session"}}, {"model": "auth.permission", "pk": 20, "fields": {"name": "Can view session", "content_type": 5, "codename": "view_session"}}, {"model": "auth.permission", "pk": 21, "fields": {"name": "Can add Страна", "content_type": 6, "codename": "add_country"}}, {"model": "auth.permission", "pk": 22, "fields": {"name": "Can change Страна", "content_type": 6, "codename": "change_country"}}, {"model": "auth.permission", "pk": 23, "fields": {"name": "Can delete Страна", "content_type": 6, "codename": "delete_country"}}, {"model": "auth.permission", "pk": 24, "fields": {"name": "Can view Страна", "content_type": 6, "codename": "view_country"}}, {"model": "auth.permission", "pk": 25, "fields": {"name": "Can add Жанр", "content_type": 7, "codename": "add_genre"}}, {"model": "auth.permission", "pk": 26, "fields": {"name": "Can change Жанр", "content_type": 7, "codename": "change_genre"}}, {"model": "auth.permission", "pk": 27, "fields": {"name": "Can delete Жанр", "content_type": 7, "codename": "delete_genre"}}, {"model": "auth.permission", "pk": 28, "fields": {"name": "Can view Жанр", "content_type": 7, "codename": "view_genre"}}, {"model": "auth.permission", "pk": 29, "fields": {"name": "Can add Популярный человек", "content_type": 8, "codename": "add_person"}}, {"model": "auth.permission", "pk": 30, "fields": {"name": "Can change Популярный человек", "content_type": 8, "codename": "change_person"}}, {"model": "auth.permission", "pk": 31, "fields": {"name": "Can delete Популярный человек", "content_type": 8, "codename": "delete_person"}}, {"model": "auth.permission", "pk": 32, "fields": {"name": "Can view Популярный человек", "content_type": 8, "codename": "view_person"}}, {"model": "auth.permission", "pk": 33, "fields": {"name": "Can add Профессия", "content_type": 9, "codename": "add_role"}}, {"model": "auth.permission", "pk": 34, "fields": {"name": "Can change Профессия", "content_type": 9, "codename": "change_role"}}, {"model": "auth.permission", "pk": 35, "fields": {"name": "Can delete Профессия", "content_type": 9, "codename": "delete_role"}}, {"model": "auth.permission", "pk": 36, "fields": {"name": "Can view Профессия", "content_type": 9, "codename": "view_role"}}, {"model": "auth.permission", "pk": 37, "fields": {"name": "Can add Год", "content_type": 10, "codename": "add_year"}}, {"model": "auth.permission", "pk": 38, "fields": {"name": "Can change Год", "content_type": 10, "codename": "change_year"}}, {"model": "auth.permission", "pk": 39, "fields": {"name": "Can delete Год", "content_type": 10, "codename": "delete_year"}}, {"model": "auth.permission", "pk": 40, "fields": {"name": "Can view Год", "content_type": 10, "codename": "view_year"}}, {"model": "auth.permission", "pk": 41, "fields": {"name": "Can add Фильм", "content_type": 11, "codename": "add_film"}}, {"model": "auth.permission", "pk": 42, "fields": {"name": "Can change Фильм", "content_type": 11, "codename": "change_film"}}, {"model": "auth.permission", "pk": 43, "fields": {"name": "Can delete Фильм", "content_type": 11, "codename": "delete_film"}}, {"model": "auth.permission", "pk": 44, "fields": {"name": "Can view Фильм", "content_type": 11, "codename": "view_film"}}, {"model": "auth.permission", "pk": 45, "fields": {"name": "Can add Роль человека в фильме", "content_type": 12, "codename": "add_personsroles"}}, {"model": "auth.permission", "pk": 46, "fields": {"name": "Can change Роль человека в фильме", "content_type": 12, "codename": "change_personsroles"}}, {"model": "auth.permission", "pk": 47, "fields": {"name": "Can delete Роль человека в фильме", "content_type": 12, "codename": "delete_personsroles"}}, {"model": "auth.permission", "pk": 48, "fields": {"name": "Can view Роль человека в фильме", "content_type": 12, "codename": "view_personsroles"}}, {"model": "auth.permission", "pk": 49, "fields": {"name": "Can add Рейтинг", "content_type": 13, "codename": "add_rating"}}, {"model": "auth.permission", "pk": 50, "fields": {"name": "Can change Рейтинг", "content_type": 13, "codename": "change_rating"}}, {"model": "auth.permission", "pk": 51, "fields": {"name": "Can delete Рейтинг", "content_type": 13, "codename": "delete_rating"}}, {"model": "auth.permission", "pk": 52, "fields": {"name": "Can view Рейтинг", "content_type": 13, "codename": "view_rating"}}, {"model": "auth.permission", "pk": 53, "fields": {"name": "Can add Рецензия", "content_type": 14, "codename": "add_review"}}, {"model": "auth.permission", "pk": 54, "fields": {"name": "Can change Рецензия", "content_type": 14, "codename": "change_review"}}, {"model": "auth.permission", "pk": 55, "fields": {"name": "Can delete Рецензия", "content_type": 14, "codename": "delete_review"}}, {"model": "auth.permission", "pk": 56, "fields": {"name": "Can view Рецензия", "content_type": 14, "codename": "view_review"}}, {"model": "auth.permission", "pk": 57, "fields": {"name": "Can add Оценка рецензии", "content_type": 15, "codename": "add_reviewrating"}}, {"model": "auth.permission", "pk": 58, "fields": {"name": "Can change Оценка рецензии", "content_type": 15, "codename": "change_reviewrating"}}, {"model": "auth.permission", "pk": 59, "fields": {"name": "Can delete Оценка рецензии", "content_type": 15, "codename": "delete_reviewrating"}}, {"model": "auth.permission", "pk": 60, "fields": {"name": "Can view Оценка рецензии", "content_type": 15, "codename": "view_reviewrating"}}, {"model": "auth.permission", "pk": 61, "fields": {"name": "Can add user", "content_type": 16, "codename": "add_user"}}, {"model": "auth.permission", "pk": 62, "fields": {"name": "Can change user", "content_type": 16, "codename": "change_user"}}, {"model": "auth.permission", "pk": 63, "fields": {"name": "Can delete user", "content_type": 16, "codename": "delete_user"}}, {"model": "auth.permission", "pk": 64, "fields": {"name": "Can view user", "content_type": 16, "codename": "view_user"}}, {"model": "auth.group", "pk": 1, "fields": {"name": "admin", "permissions": [21, 24, 41, 44, 25, 28, 29, 32, 45, 48, 33, 36, 37, 40]}}, {"model": "contenttypes.contenttype", "pk": 1, "fields": {"app_label": "admin", "model": "logentry"}}, {"model": "contenttypes.contenttype", "pk": 2, "fields": {"app_label": "auth", "model": "permission"}}, {"model": "contenttypes.contenttype", "pk": 3, "fields": {"app_label": "auth", "model": "group"}}, {"model": "contenttypes.contenttype", "pk": 4, "fields": {"app_label": "contenttypes", "model": "contenttype"}}, {"model": "contenttypes.contenttype", "pk": 5, "fields": {"app_label": "sessions", "model": "session"}}, {"model": "contenttypes.contenttype", "pk": 6, "fields": {"app_label": "kino", "model": "country"}}, {"model": "contenttypes.contenttype", "pk": 7, "fields": {"app_label": "kino", "model": "genre"}}, {"model": "contenttypes.contenttype", "pk": 8, "fields": {"app_label": "kino", "model": "person"}}, {"model": "contenttypes.contenttype", "pk": 9, "fields": {"app_label": "kino", "model": "role"}}, {"model": "contenttypes.contenttype", "pk": 10, "fields": {"app_label": "kino", "model": "year"}}, {"model": "contenttypes.contenttype", "pk": 11, "fields": {"app_label": "kino", "model": "film"}}, {"model": "contenttypes.contenttype", "pk": 12, "fields": {"app_label": "kino", "model": "personsroles"}}, {"model": "contenttypes.contenttype", "pk": 13, "fields": {"app_label": "kino", "model": "rating"}}, {"model": "contenttypes.contenttype", "pk": 14, "fields": {"app_label": "kino", "model": "review"}}, {"model": "contenttypes.contenttype", "pk": 15, "fields": {"app_label": "kino", "model": "reviewrating"}}, {"model": "contenttypes.contenttype", "pk": 16, "fields": {"app_label": "users", "model": "user"}}, {"model": "sessions.session", "pk": "incmx5c7dxjqou8fv2if7f3lkygz0zqr", "fields": {"session_data": ".eJxVjDsOwjAQRO_iGlnx36GkzxmstXeNA8iW4qRC3J1ESgHNFPPezJsF2NYStk5LmJFdmWWX3y5CelI9AD6g3htPra7LHPmh8JN2PjWk1-10_w4K9LKvEwLqLMnYnEhYA6NwUQ06W4xGGZWd9N7THtJokQHE4B2pJEaIlFCxzxf45Dg6:1sCfwr:BqkvqFlx3kNgbToToRhY7l-DLnxKSK5Gd8k4jMnZ2lw", "expire_date": "2024-06-13T13:36:05.579Z"}}, {"model": "kino.genre", "pk": 1, "fields": {"name": "драма", "image": ""}}, {"model": "kino.genre", "pk": 2, "fields": {"name": "комедия", "image": ""}}, {"model": "kino.genre", "pk": 3, "fields": {"name": "криминал", "image": ""}}, {"model": "kino.genre", "pk": 4, "fields": {"name": "фэнтези", "image": ""}}, {"model": "kino.genre", "pk": 5, "fields": {"name": "военный", "image": ""}}, {"model": "kino.genre", "pk": 6, "fields": {"name": "история", "image": ""}}, {"model": "kino.genre", "pk": 7, "fields": {"name": "мелодрама", "image": ""}}, {"model": "kino.genre", "pk": 8, "fields": {"name": "триллер", "image": ""}}, {"model": "kino.genre", "pk": 9, "fields": {"name": "фантастика", "image": ""}}, {"model": "kino.genre", "pk": 10, "fields": {"name": "приключение", "image": ""}}, {"model": "kino.genre", "pk": 11, "fields": {"name": "детектив", "image": ""}}, {"model": "kino.country", "pk": 1, "fields": {"name": "Франция"}}, {"model": "kino.country", "pk": 2, "fields": {"name": "США"}}, {"model": "kino.country", "pk": 3, "fields": {"name": "Германия"}}, {"model": "kino.country", "pk": 4, "fields": {"name": "Канада"}}, {"model": "kino.year", "pk": 1, "fields": {"year": 2011}}, {"model": "kino.year", "pk": 2, "fields": {"year": 1999}}, {"model": "kino.year", "pk": 3, "fields": {"year": 1994}}, {"model": "kino.year", "pk": 4, "fields": {"year": 2014}}, {"model": "kino.year", "pk": 5, "fields": {"year": 2009}}, {"model": "kino.year", "pk": 6, "fields": {"year": 2001}}, {"model": "kino.film", "pk": 1, "fields": {"name": "1+1", "duration": "112", "image": "films_images/300x450.webp", "country": 1, "year": 1, "trailer": "", "description": "Пострадав в результате несчастного случая, богатый аристократ Филипп нанимает в помощники человека, который менее всего подходит для этой работы, – молодого жителя предместья Дрисса, только что освободившегося из тюрьмы. Несмотря на то, что Филипп прикован к инвалидному креслу, Дриссу удается привнести в размеренную жизнь аристократа дух приключений.", "budget": "€9 500 000", "income": "$426 588 510", "release_date": "2011-09-23", "genres": [1, 2]}}, {"model": "kino.film", "pk": 2, "fields": {"name": "Зеленая миля", "duration": "189", "image": "films_images/m.webp", "country": 2, "year": 2, "trailer": "", "description": "Пол Эджкомб — начальник блока смертников в тюрьме «Холодная гора», каждый из узников которого однажды проходит «зеленую милю» по пути к месту казни. Пол повидал много заключённых и надзирателей за время работы. Однако гигант Джон Коффи, обвинённый в страшном преступлении, стал одним из самых необычных обитателей блока.", "budget": "$60 000 000", "income": "$286 801 374", "release_date": "1999-12-06", "genres": [1, 3, 4]}}, {"model": "kino.film", "pk": 3, "fields": {"name": "Форрест Гамп", "duration": "142", "image": "films_images/300x450_1.webp", "country": 2, "year": 3, "trailer": "", "description": "Сидя на автобусной остановке, Форрест Гамп — не очень умный, но добрый и открытый парень — рассказывает случайным встречным историю своей необыкновенной жизни.\r\n\r\nС самого малолетства парень страдал от заболевания ног, соседские мальчишки дразнили его, но в один прекрасный день Форрест открыл в себе невероятные способности к бегу. Подруга детства Дженни всегда его поддерживала и защищала, но вскоре дороги их разошлись.", "budget": "$55 000 000", "income": "$677 387 716", "release_date": "1994-07-23", "genres": [1, 2, 5, 6, 7]}}, {"model": "kino.film", "pk": 4, "fields": {"name": "Бойцовский клуб", "duration": "132", "image": "films_images/300x450_2.webp", "country": 3, "year": 2, "trailer": "", "description": "Сотрудник страховой компании страдает хронической бессонницей и отчаянно пытается вырваться из мучительно скучной жизни. Однажды в очередной командировке он встречает некоего Тайлера Дёрдена — харизматического торговца мылом с извращенной философией. Тайлер уверен, что самосовершенствование — удел слабых, а единственное, ради чего стоит жить, — саморазрушение.\r\n\r\nПроходит немного времени, и вот уже новые друзья лупят друг друга почем зря на стоянке перед баром, и очищающий мордобой доставляет им высшее блаженство. Приобщая других мужчин к простым радостям физической жестокости, они основывают тайный Бойцовский клуб, который начинает пользоваться невероятной популярностью.", "budget": "$63 000 000", "income": "$100 853 753", "release_date": "1999-04-25", "genres": [1, 3, 8]}}, {"model": "kino.film", "pk": 5, "fields": {"name": "Интерстеллар", "duration": "169", "image": "films_images/300x450_3.webp", "country": 4, "year": 4, "trailer": "", "description": "Когда засуха, пыльные бури и вымирание растений приводят человечество к продовольственному кризису, коллектив исследователей и учёных отправляется сквозь червоточину (которая предположительно соединяет области пространства-времени через большое расстояние) в путешествие, чтобы превзойти прежние ограничения для космических путешествий человека и найти планету с подходящими для человечества условиями.", "budget": "$165 000 000", "income": "$774 136 705", "release_date": "2014-10-26", "genres": [1, 9, 10]}}, {"model": "kino.film", "pk": 6, "fields": {"name": "Побег из Шоушенка", "duration": "140", "image": "films_images/asd.webp", "country": 2, "year": 3, "trailer": "", "description": "Бухгалтер Энди Дюфрейн обвинён в убийстве собственной жены и её любовника. Оказавшись в тюрьме под названием Шоушенк, он сталкивается с жестокостью и беззаконием, царящими по обе стороны решётки. Каждый, кто попадает в эти стены, становится их рабом до конца жизни. Но Энди, обладающий живым умом и доброй душой, находит подход как к заключённым, так и к охранникам, добиваясь их особого к себе расположения.", "budget": "$25 000 000", "income": "$28 418 687", "release_date": "1994-06-23", "genres": [1]}}, {"model": "kino.film", "pk": 7, "fields": {"name": "Криминальное чтиво", "duration": "154", "image": "films_images/d.webp", "country": 2, "year": 3, "trailer": "", "description": "Двое бандитов Винсент Вега и Джулс Винфилд ведут философские беседы в перерывах между разборками и решением проблем с должниками криминального босса Марселласа Уоллеса.\r\n\r\nВ первой истории Винсент проводит незабываемый вечер с женой Марселласа Мией. Во второй Марселлас покупает боксёра Бутча Кулиджа, чтобы тот сдал бой. В третьей истории Винсент и Джулс по нелепой случайности попадают в неприятности.", "budget": "$8 000 000", "income": "$213 928 762", "release_date": "1994-10-10", "genres": [1, 3]}}, {"model": "kino.film", "pk": 8, "fields": {"name": "Остров проклятых", "duration": "190", "image": "films_images/300x450_QIhqwHi.webp", "country": 2, "year": 5, "trailer": "", "description": "Два американских судебных пристава отправляются на один из островов в штате Массачусетс, чтобы расследовать исчезновение пациентки клиники для умалишенных преступников. При проведении расследования им придется столкнуться с паутиной лжи, обрушившимся ураганом и смертельным бунтом обитателей клиники.", "budget": "$80 000 000", "income": "$294 804 195", "release_date": "2009-05-21", "genres": [1, 8, 11]}}, {"model": "kino.film", "pk": 9, "fields": {"name": "Шрэк", "duration": "90", "image": "films_images/300x450_1_39XaA2G.webp", "country": 2, "year": 6, "trailer": "", "description": "", "budget": "$60 000 000", "income": "$484 409 218", "release_date": "2001-05-21", "genres": [2, 4, 7, 10]}}, {"model": "kino.rating", "pk": 1, "fields": {"user": 2, "film": 1, "rating": 9}}, {"model": "kino.rating", "pk": 2, "fields": {"user": 2, "film": 2, "rating": 10}}, {"model": "kino.rating", "pk": 3, "fields": {"user": 2, "film": 3, "rating": 8}}, {"model": "kino.rating", "pk": 4, "fields": {"user": 2, "film": 4, "rating": 7}}, {"model": "kino.rating", "pk": 5, "fields": {"user": 2, "film": 5, "rating": 10}}, {"model": "kino.rating", "pk": 6, "fields": {"user": 2, "film": 7, "rating": 10}}, {"model": "kino.rating", "pk": 7, "fields": {"user": 2, "film": 6, "rating": 9}}, {"model": "kino.rating", "pk": 8, "fields": {"user": 2, "film": 8, "rating": 3}}, {"model": "kino.rating", "pk": 9, "fields": {"user": 2, "film": 9, "rating": 9}}, {"model": "kino.rating", "pk": 10, "fields": {"user": 3, "film": 2, "rating": 9}}, {"model": "kino.rating", "pk": 11, "fields": {"user": 3, "film": 5, "rating": 10}}, {"model": "kino.rating", "pk": 12, "fields": {"user": 3, "film": 7, "rating": 8}}, {"model": "kino.rating", "pk": 13, "fields": {"user": 3, "film": 1, "rating": 10}}, {"model": "kino.rating", "pk": 14, "fields": {"user": 3, "film": 6, "rating": 9}}, {"model": "kino.rating", "pk": 15, "fields": {"user": 3, "film": 9, "rating": 8}}, {"model": "kino.rating", "pk": 16, "fields": {"user": 3, "film": 3, "rating": 7}}, {"model": "kino.rating", "pk": 17, "fields": {"user": 3, "film": 4, "rating": 7}}, {"model": "kino.rating", "pk": 18, "fields": {"user": 3, "film": 8, "rating": 5}}, {"model": "kino.rating", "pk": 19, "fields": {"user": 4, "film": 5, "rating": 9}}, {"model": "kino.rating", "pk": 20, "fields": {"user": 4, "film": 1, "rating": 9}}, {"model": "kino.rating", "pk": 21, "fields": {"user": 4, "film": 6, "rating": 8}}, {"model": "kino.rating", "pk": 22, "fields": {"user": 4, "film": 7, "rating": 7}}, {"model": "kino.rating", "pk": 23, "fields": {"user": 4, "film": 9, "rating": 6}}, {"model": "kino.rating", "pk": 24, "fields": {"user": 4, "film": 3, "rating": 6}}, {"model": "kino.rating", "pk": 25, "fields": {"user": 4, "film": 4, "rating": 3}}, {"model": "kino.rating", "pk": 26, "fields": {"user": 4, "film": 8, "rating": 3}}, {"model": "kino.rating", "pk": 27, "fields": {"user": 5, "film": 5, "rating": 10}}, {"model": "kino.rating", "pk": 28, "fields": {"user": 5, "film": 2, "rating": 10}}, {"model": "kino.rating", "pk": 29, "fields": {"user": 5, "film": 1, "rating": 10}}, {"model": "kino.rating", "pk": 30, "fields": {"user": 5, "film": 6, "rating": 9}}, {"model": "kino.rating", "pk": 31, "fields": {"user": 5, "film": 7, "rating": 8}}, {"model": "kino.rating", "pk": 32, "fields": {"user": 5, "film": 9, "rating": 7}}, {"model": "kino.rating", "pk": 33, "fields": {"user": 5, "film": 3, "rating": 7}}, {"model": "kino.rating", "pk": 34, "fields": {"user": 5, "film": 4, "rating": 6}}, {"model": "kino.rating", "pk": 35, "fields": {"user": 5, "film": 8, "rating": 1}}, {"model": "kino.rating", "pk": 36, "fields": {"user": 6, "film": 5, "rating": 10}}, {"model": "kino.rating", "pk": 37, "fields": {"user": 6, "film": 2, "rating": 9}}, {"model": "kino.rating", "pk": 38, "fields": {"user": 6, "film": 1, "rating": 10}}, {"model": "kino.rating", "pk": 39, "fields": {"user": 6, "film": 6, "rating": 8}}, {"model": "kino.review", "pk": 1, "fields": {"user": 2, "film": 1, "text": "Старая поговорка гласит: «Лучшие рассказы – это рассказы написанные самой жизнью». Режиссёрскому дуэту Оливье Накаша и Эрика Толедано удалось правильно рассказать трагикомедию основанную на реальной истории бедного молодого араба из французского гетто и парализованного бизнесмена, которых судьба связала неожиданной дружбой, несмотря на то, что в реальности их ничего не связывает, будь то социальный статус, или взгляды на понимание жизни.\r\n\r\nОчаровательная трагикомедия «Неприкасаемые» прежде всего имеет сердце и ум, полностью свободный от штампов о проявлении сострадания к инвалидам и прочим недееспособным людям. Фильм правильно позволяет им, в лице Филиппа, ощущать себя такими же практически полноценными людьми, как и все остальные, передавая всё это в юмористической форме, часто граничащей с обезоруживающей откровенностью", "type": "like", "create_time": "2024-05-30T12:44:07.292Z"}}, {"model": "kino.review", "pk": 2, "fields": {"user": 2, "film": 2, "text": "Пересмотрел на днях мультфильм Шрек. В детстве он мне нравился, но не был в списке любимых. Однако это тот мультфильм, который сделан не столько для детей, а больше для подростков и взрослых, так как он содержит много моментов, которые детям будут не понятны.", "type": "like", "create_time": "2024-05-30T13:26:58.723Z"}}, {"model": "kino.review", "pk": 3, "fields": {"user": 2, "film": 5, "text": "Пересмотрел на днях мультфильм Шрек. В детстве он мне нравился, но не был в списке любимых. Однако это тот мультфильм, который сделан не столько для детей, а больше для подростков и взрослых, так как он содержит много моментов, которые детям будут не понятны.", "type": "neutral", "create_time": "2024-05-30T13:27:08.513Z"}}, {"model": "kino.review", "pk": 4, "fields": {"user": 2, "film": 3, "text": "Пересмотрел на днях мультфильм Шрек. В детстве он мне нравился, но не был в списке любимых. Однако это тот мультфильм, который сделан не столько для детей, а больше для подростков и взрослых, так как он содержит много моментов, которые детям будут не понятны.", "type": "dislike", "create_time": "2024-05-30T13:27:22.683Z"}}, {"model": "kino.review", "pk": 5, "fields": {"user": 2, "film": 4, "text": "Пересмотрел на днях мультфильм Шрек. В детстве он мне нравился, но не был в списке любимых. Однако это тот мультфильм, который сделан не столько для детей, а больше для подростков и взрослых, так как он содержит много моментов, которые детям будут не понятны.", "type": "neutral", "create_time": "2024-05-30T13:27:35.968Z"}}, {"model": "kino.review", "pk": 6, "fields": {"user": 2, "film": 6, "text": "Бухгалтер Энди Дюфрейн обвинён в убийстве собственной жены и её любовника. Оказавшись в тюрьме под названием Шоушенк, он сталкивается с жестокостью и беззаконием, царящими по обе стороны решётки. Каждый, кто попадает в эти стены, становится их рабом до конца жизни. Но Энди, обладающий живым умом и доброй душой, находит подход как к заключённым, так и к охранникам, добиваясь их особого к себе расположения.", "type": "like", "create_time": "2024-05-30T13:27:51.949Z"}}, {"model": "kino.review", "pk": 7, "fields": {"user": 2, "film": 7, "text": "Двое бандитов Винсент Вега и Джулс Винфилд ведут философские беседы в перерывах между разборками и решением проблем с должниками криминального босса Марселласа Уоллеса. В первой истории Винсент проводит незабываемый вечер с женой Марселласа Мией. Во второй Марселлас покупает боксёра Бутча Кулиджа, чтобы тот сдал бой. В третьей истории Винсент и Джулс по нелепой случайности попадают в неприятности.", "type": "dislike", "create_time": "2024-05-30T13:28:04.809Z"}}, {"model": "kino.review", "pk": 8, "fields": {"user": 2, "film": 8, "text": "Двое бандитов Винсент Вега и Джулс Винфилд ведут философские беседы в перерывах между разборками и решением проблем с должниками криминального босса Марселласа Уоллеса. В первой истории Винсент проводит незабываемый вечер с женой Марселласа Мией. Во второй Марселлас покупает боксёра Бутча Кулиджа, чтобы тот сдал бой. В третьей истории Винсент и Джулс по нелепой случайности попадают в неприятности.", "type": "dislike", "create_time": "2024-05-30T13:28:37.403Z"}}, {"model": "kino.review", "pk": 9, "fields": {"user": 2, "film": 9, "text": "Двое бандитов Винсент Вега и Джулс Винфилд ведут философские беседы в перерывах между разборками и решением проблем с должниками криминального босса Марселласа Уоллеса. В первой истории Винсент проводит незабываемый вечер с женой Марселласа Мией. Во второй Марселлас покупает боксёра Бутча Кулиджа, чтобы тот сдал бой. В третьей истории Винсент и Джулс по нелепой случайности попадают в неприятности.", "type": "like", "create_time": "2024-05-30T13:28:52.733Z"}}, {"model": "kino.review", "pk": 10, "fields": {"user": 3, "film": 2, "text": "Двое бандитов Винсент Вега и Джулс Винфилд ведут философские беседы в перерывах между разборками и решением проблем с должниками криминального босса Марселласа Уоллеса. В первой истории Винсент проводит незабываемый вечер с женой Марселласа Мией. Во второй Марселлас покупает боксёра Бутча Кулиджа, чтобы тот сдал бой. В третьей истории Винсент и Джулс по нелепой случайности попадают в неприятности.", "type": "like", "create_time": "2024-05-30T13:29:17.518Z"}}, {"model": "kino.review", "pk": 11, "fields": {"user": 3, "film": 7, "text": "Двое бандитов Винсент Вега и Джулс Винфилд ведут философские беседы в перерывах между разборками и решением проблем с должниками криминального босса Марселласа Уоллеса. В первой истории Винсент проводит незабываемый вечер с женой Марселласа Мией. Во второй Марселлас покупает боксёра Бутча Кулиджа, чтобы тот сдал бой. В третьей истории Винсент и Джулс по нелепой случайности попадают в неприятности.", "type": "neutral", "create_time": "2024-05-30T13:29:34.112Z"}}, {"model": "kino.review", "pk": 12, "fields": {"user": 3, "film": 1, "text": "Двое бандитов Винсент Вега и Джулс Винфилд ведут философские беседы в перерывах между разборками и решением проблем с должниками криминального босса Марселласа Уоллеса. В первой истории Винсент проводит незабываемый вечер с женой Марселласа Мией. Во второй Марселлас покупает боксёра Бутча Кулиджа, чтобы тот сдал бой. В третьей истории Винсент и Джулс по нелепой случайности попадают в неприятности.", "type": "dislike", "create_time": "2024-05-30T13:29:44.135Z"}}, {"model": "kino.review", "pk": 13, "fields": {"user": 3, "film": 5, "text": "Двое бандитов Винсент Вега и Джулс Винфилд ведут философские беседы в перерывах между разборками и решением проблем с должниками криминального босса Марселласа Уоллеса. В первой истории Винсент проводит незабываемый вечер с женой Марселласа Мией. Во второй Марселлас покупает боксёра Бутча Кулиджа, чтобы тот сдал бой. В третьей истории Винсент и Джулс по нелепой случайности попадают в неприятности.", "type": "like", "create_time": "2024-05-30T13:29:49.278Z"}}, {"model": "kino.review", "pk": 14, "fields": {"user": 3, "film": 6, "text": "Двое бандитов Винсент Вега и Джулс Винфилд ведут философские беседы в перерывах между разборками и решением проблем с должниками криминального босса Марселласа Уоллеса. В первой истории Винсент проводит незабываемый вечер с женой Марселласа Мией. Во второй Марселлас покупает боксёра Бутча Кулиджа, чтобы тот сдал бой. В третьей истории Винсент и Джулс по нелепой случайности попадают в неприятности.", "type": "dislike", "create_time": "2024-05-30T13:30:11.721Z"}}, {"model": "kino.review", "pk": 15, "fields": {"user": 4, "film": 5, "text": "Когда засуха, пыльные бури и вымирание растений приводят человечество к продовольственному кризису, коллектив исследователей и учёных отправляется сквозь червоточину (которая предположительно соединяет области пространства-времени через большое расстояние) в путешествие, чтобы превзойти прежние ограничения для космических путешествий человека и найти планету с подходящими для человечества условиями.", "type": "like", "create_time": "2024-05-30T13:31:17.310Z"}}, {"model": "kino.review", "pk": 16, "fields": {"user": 4, "film": 1, "text": "Когда засуха, пыльные бури и вымирание растений приводят человечество к продовольственному кризису, коллектив исследователей и учёных отправляется сквозь червоточину (которая предположительно соединяет области пространства-времени через большое расстояние) в путешествие, чтобы превзойти прежние ограничения для космических путешествий человека и найти планету с подходящими для человечества условиями.", "type": "like", "create_time": "2024-05-30T13:31:32.680Z"}}, {"model": "kino.review", "pk": 17, "fields": {"user": 4, "film": 7, "text": "Когда засуха, пыльные бури и вымирание растений приводят человечество к продовольственному кризису, коллектив исследователей и учёных отправляется сквозь червоточину (которая предположительно соединяет области пространства-времени через большое расстояние) в путешествие, чтобы превзойти прежние ограничения для космических путешествий человека и найти планету с подходящими для человечества условиями.", "type": "like", "create_time": "2024-05-30T13:32:04.978Z"}}, {"model": "kino.review", "pk": 18, "fields": {"user": 5, "film": 5, "text": "Когда засуха, пыльные бури и вымирание растений приводят человечество к продовольственному кризису, коллектив исследователей и учёных отправляется сквозь червоточину (которая предположительно соединяет области пространства-времени через большое расстояние) в путешествие, чтобы превзойти прежние ограничения для космических путешествий человека и найти планету с подходящими для человечества условиями.", "type": "like", "create_time": "2024-05-30T13:34:12.526Z"}}, {"model": "kino.review", "pk": 19, "fields": {"user": 5, "film": 1, "text": "Когда засуха, пыльные бури и вымирание растений приводят человечество к продовольственному кризису, коллектив исследователей и учёных отправляется сквозь червоточину (которая предположительно соединяет области пространства-времени через большое расстояние) в путешествие, чтобы превзойти прежние ограничения для космических путешествий человека и найти планету с подходящими для человечества условиями.", "type": "like", "create_time": "2024-05-30T13:34:35.370Z"}}, {"model": "kino.review", "pk": 20, "fields": {"user": 5, "film": 6, "text": "Когда засуха, пыльные бури и вымирание растений приводят человечество к продовольственному кризису, коллектив исследователей и учёных отправляется сквозь червоточину (которая предположительно соединяет области пространства-времени через большое расстояние) в путешествие, чтобы превзойти прежние ограничения для космических путешествий человека и найти планету с подходящими для человечества условиями.", "type": "neutral", "create_time": "2024-05-30T13:35:06.136Z"}}, {"model": "kino.review", "pk": 21, "fields": {"user": 6, "film": 5, "text": "Когда засуха, пыльные бури и вымирание растений приводят человечество к продовольственному кризису, коллектив исследователей и учёных отправляется сквозь червоточину (которая предположительно соединяет области пространства-времени через большое расстояние) в путешествие, чтобы превзойти прежние ограничения для космических путешествий человека и найти планету с подходящими для человечества условиями.", "type": "like", "create_time": "2024-05-30T13:36:13.849Z"}}, {"model": "kino.review", "pk": 22, "fields": {"user": 6, "film": 2, "text": "Когда засуха, пыльные бури и вымирание растений приводят человечество к продовольственному кризису, коллектив исследователей и учёных отправляется сквозь червоточину (которая предположительно соединяет области пространства-времени через большое расстояние) в путешествие, чтобы превзойти прежние ограничения для космических путешествий человека и найти планету с подходящими для человечества условиями.", "type": "like", "create_time": "2024-05-30T13:36:32.267Z"}}, {"model": "kino.review", "pk": 23, "fields": {"user": 6, "film": 6, "text": "Когда засуха, пыльные бури и вымирание растений приводят человечество к продовольственному кризису, коллектив исследователей и учёных отправляется сквозь червоточину (которая предположительно соединяет области пространства-времени через большое расстояние) в путешествие, чтобы превзойти прежние ограничения для космических путешествий человека и найти планету с подходящими для человечества условиями.", "type": "like", "create_time": "2024-05-30T13:36:57.909Z"}}, {"model": "kino.reviewrating", "pk": 1, "fields": {"review": 2, "user": 2, "rating": "like"}}, {"model": "kino.reviewrating", "pk": 2, "fields": {"review": 3, "user": 2, "rating": "dislike"}}, {"model": "kino.reviewrating", "pk": 3, "fields": {"review": 4, "user": 2, "rating": "dislike"}}, {"model": "kino.reviewrating", "pk": 4, "fields": {"review": 6, "user": 2, "rating": "like"}}, {"model": "kino.reviewrating", "pk": 5, "fields": {"review": 7, "user": 2, "rating": "dislike"}}, {"model": "kino.reviewrating", "pk": 6, "fields": {"review": 8, "user": 2, "rating": "like"}}, {"model": "kino.reviewrating", "pk": 7, "fields": {"review": 9, "user": 2, "rating": "like"}}, {"model": "kino.reviewrating", "pk": 8, "fields": {"review": 2, "user": 3, "rating": "like"}}, {"model": "kino.reviewrating", "pk": 9, "fields": {"review": 7, "user": 3, "rating": "dislike"}}, {"model": "kino.reviewrating", "pk": 10, "fields": {"review": 1, "user": 3, "rating": "like"}}, {"model": "kino.reviewrating", "pk": 11, "fields": {"review": 13, "user": 3, "rating": "like"}}, {"model": "kino.reviewrating", "pk": 12, "fields": {"review": 3, "user": 3, "rating": "like"}}, {"model": "kino.reviewrating", "pk": 13, "fields": {"review": 14, "user": 3, "rating": "like"}}, {"model": "kino.reviewrating", "pk": 14, "fields": {"review": 6, "user": 3, "rating": "dislike"}}, {"model": "kino.reviewrating", "pk": 15, "fields": {"review": 3, "user": 4, "rating": "dislike"}}, {"model": "kino.reviewrating", "pk": 16, "fields": {"review": 13, "user": 4, "rating": "like"}}, {"model": "kino.reviewrating", "pk": 17, "fields": {"review": 15, "user": 4, "rating": "like"}}, {"model": "kino.reviewrating", "pk": 18, "fields": {"review": 12, "user": 4, "rating": "like"}}, {"model": "kino.reviewrating", "pk": 19, "fields": {"review": 1, "user": 4, "rating": "like"}}, {"model": "kino.reviewrating", "pk": 20, "fields": {"review": 16, "user": 4, "rating": "like"}}, {"model": "kino.reviewrating", "pk": 21, "fields": {"review": 11, "user": 4, "rating": "like"}}, {"model": "kino.reviewrating", "pk": 22, "fields": {"review": 7, "user": 4, "rating": "like"}}, {"model": "kino.reviewrating", "pk": 23, "fields": {"review": 18, "user": 5, "rating": "like"}}, {"model": "kino.reviewrating", "pk": 24, "fields": {"review": 3, "user": 5, "rating": "like"}}, {"model": "kino.reviewrating", "pk": 25, "fields": {"review": 13, "user": 5, "rating": "like"}}, {"model": "kino.reviewrating", "pk": 26, "fields": {"review": 15, "user": 5, "rating": "like"}}, {"model": "kino.reviewrating", "pk": 27, "fields": {"review": 2, "user": 5, "rating": "like"}}, {"model": "kino.reviewrating", "pk": 28, "fields": {"review": 10, "user": 5, "rating": "like"}}, {"model": "kino.reviewrating", "pk": 29, "fields": {"review": 19, "user": 5, "rating": "like"}}, {"model": "kino.reviewrating", "pk": 30, "fields": {"review": 1, "user": 5, "rating": "like"}}, {"model": "kino.reviewrating", "pk": 31, "fields": {"review": 12, "user": 5, "rating": "dislike"}}, {"model": "kino.reviewrating", "pk": 32, "fields": {"review": 16, "user": 5, "rating": "like"}}, {"model": "kino.reviewrating", "pk": 33, "fields": {"review": 6, "user": 5, "rating": "like"}}, {"model": "kino.reviewrating", "pk": 34, "fields": {"review": 14, "user": 5, "rating": "dislike"}}, {"model": "kino.reviewrating", "pk": 35, "fields": {"review": 21, "user": 6, "rating": "like"}}, {"model": "kino.reviewrating", "pk": 36, "fields": {"review": 3, "user": 6, "rating": "like"}}, {"model": "kino.reviewrating", "pk": 37, "fields": {"review": 13, "user": 6, "rating": "like"}}, {"model": "kino.reviewrating", "pk": 38, "fields": {"review": 15, "user": 6, "rating": "like"}}, {"model": "kino.reviewrating", "pk": 39, "fields": {"review": 18, "user": 6, "rating": "dislike"}}, {"model": "kino.reviewrating", "pk": 40, "fields": {"review": 2, "user": 6, "rating": "like"}}, {"model": "kino.reviewrating", "pk": 41, "fields": {"review": 10, "user": 6, "rating": "dislike"}}, {"model": "kino.reviewrating", "pk": 42, "fields": {"review": 1, "user": 6, "rating": "like"}}, {"model": "kino.reviewrating", "pk": 43, "fields": {"review": 12, "user": 6, "rating": "dislike"}}, {"model": "kino.reviewrating", "pk": 44, "fields": {"review": 16, "user": 6, "rating": "like"}}, {"model": "kino.reviewrating", "pk": 45, "fields": {"review": 19, "user": 6, "rating": "dislike"}}, {"model": "kino.reviewrating", "pk": 46, "fields": {"review": 6, "user": 6, "rating": "like"}}, {"model": "kino.reviewrating", "pk": 47, "fields": {"review": 14, "user": 6, "rating": "dislike"}}, {"model": "kino.reviewrating", "pk": 48, "fields": {"review": 20, "user": 6, "rating": "like"}}, {"model": "kino.role", "pk": 1, "fields": {"name": "Режиссер"}}, {"model": "kino.role", "pk": 2, "fields": {"name": "Актер"}}, {"model": "kino.role", "pk": 3, "fields": {"name": "Сценарий"}}, {"model": "kino.role", "pk": 4, "fields": {"name": "Продюсер"}}, {"model": "kino.role", "pk": 5, "fields": {"name": "Оператор"}}, {"model": "kino.role", "pk": 6, "fields": {"name": "Композитор"}}, {"model": "kino.role", "pk": 7, "fields": {"name": "Художник"}}, {"model": "kino.person", "pk": 1, "fields": {"name": "Оливье Накаш", "image": "persons_images/person.webp", "birthday": "1980-01-12", "place_of_birth": "Сюрен, О-де-Сен, Франция"}}, {"model": "kino.person", "pk": 2, "fields": {"name": "Эрик Толедано", "image": "persons_images/avawebp.webp", "birthday": "1971-09-03", "place_of_birth": "Париж, Франция"}}, {"model": "kino.person", "pk": 3, "fields": {"name": "Арно Бертран", "image": "persons_images/a.webp", "birthday": "1975-05-19", "place_of_birth": "-"}}, {"model": "kino.person", "pk": 4, "fields": {"name": "Матьё Вадпьед", "image": "persons_images/ad.webp", "birthday": "1963-06-25", "place_of_birth": "-"}}, {"model": "kino.person", "pk": 5, "fields": {"name": "Людовико Эйнауди", "image": "persons_images/d.webp", "birthday": "1955-01-31", "place_of_birth": "Турин, Италия"}}, {"model": "kino.person", "pk": 6, "fields": {"name": "Изабель Паннетье", "image": "", "birthday": null, "place_of_birth": "-"}}, {"model": "kino.person", "pk": 7, "fields": {"name": "Фрэнк Дарабонт", "image": "persons_images/а.webp", "birthday": "1959-01-28", "place_of_birth": "Монбельяр, Франция"}}, {"model": "kino.person", "pk": 8, "fields": {"name": "Дэвид Тэттерсолл", "image": "persons_images/вы.webp", "birthday": "1969-11-14", "place_of_birth": "Барроу-ин-Фернесс, Англия, Великобритания"}}, {"model": "kino.person", "pk": 9, "fields": {"name": "Кристофер Нолан", "image": "persons_images/ав.webp", "birthday": null, "place_of_birth": "-"}}, {"model": "kino.personsroles", "pk": 1, "fields": {"person": 1, "film": 1, "role": 1}}, {"model": "kino.personsroles", "pk": 2, "fields": {"person": 2, "film": 1, "role": 1}}, {"model": "kino.personsroles", "pk": 3, "fields": {"person": 1, "film": 1, "role": 3}}, {"model": "kino.personsroles", "pk": 4, "fields": {"person": 2, "film": 1, "role": 3}}, {"model": "kino.personsroles", "pk": 5, "fields": {"person": 3, "film": 1, "role": 4}}, {"model": "kino.personsroles", "pk": 6, "fields": {"person": 3, "film": 1, "role": 2}}, {"model": "kino.personsroles", "pk": 7, "fields": {"person": 4, "film": 1, "role": 5}}, {"model": "kino.personsroles", "pk": 8, "fields": {"person": 1, "film": 1, "role": 2}}, {"model": "kino.personsroles", "pk": 9, "fields": {"person": 5, "film": 1, "role": 6}}, {"model": "kino.personsroles", "pk": 10, "fields": {"person": 5, "film": 1, "role": 2}}, {"model": "kino.personsroles", "pk": 11, "fields": {"person": 4, "film": 1, "role": 7}}, {"model": "kino.personsroles", "pk": 12, "fields": {"person": 6, "film": 1, "role": 7}}, {"model": "kino.personsroles", "pk": 13, "fields": {"person": 7, "film": 2, "role": 1}}, {"model": "kino.personsroles", "pk": 14, "fields": {"person": 7, "film": 2, "role": 2}}, {"model": "kino.personsroles", "pk": 15, "fields": {"person": 7, "film": 2, "role": 3}}, {"model": "kino.personsroles", "pk": 16, "fields": {"person": 7, "film": 2, "role": 4}}, {"model": "kino.personsroles", "pk": 17, "fields": {"person": 8, "film": 2, "role": 5}}, {"model": "kino.personsroles", "pk": 18, "fields": {"person": 5, "film": 2, "role": 6}}, {"model": "kino.personsroles", "pk": 19, "fields": {"person": 2, "film": 2, "role": 7}}, {"model": "kino.personsroles", "pk": 20, "fields": {"person": 1, "film": 2, "role": 1}}, {"model": "kino.personsroles", "pk": 21, "fields": {"person": 6, "film": 2, "role": 2}}, {"model": "kino.personsroles", "pk": 22, "fields": {"person": 8, "film": 2, "role": 2}}, {"model": "kino.personsroles", "pk": 23, "fields": {"person": 1, "film": 2, "role": 2}}, {"model": "kino.personsroles", "pk": 24, "fields": {"person": 2, "film": 2, "role": 2}}, {"model": "kino.personsroles", "pk": 25, "fields": {"person": 3, "film": 3, "role": 1}}, {"model": "kino.personsroles", "pk": 26, "fields": {"person": 1, "film": 3, "role": 2}}, {"model": "kino.personsroles", "pk": 27, "fields": {"person": 3, "film": 3, "role": 2}}, {"model": "kino.personsroles", "pk": 28, "fields": {"person": 2, "film": 3, "role": 3}}, {"model": "kino.personsroles", "pk": 29, "fields": {"person": 3, "film": 3, "role": 4}}, {"model": "kino.personsroles", "pk": 30, "fields": {"person": 8, "film": 3, "role": 7}}, {"model": "kino.personsroles", "pk": 31, "fields": {"person": 7, "film": 3, "role": 6}}, {"model": "kino.personsroles", "pk": 32, "fields": {"person": 6, "film": 3, "role": 5}}, {"model": "kino.personsroles", "pk": 33, "fields": {"person": 6, "film": 3, "role": 2}}, {"model": "kino.personsroles", "pk": 34, "fields": {"person": 1, "film": 4, "role": 1}}, {"model": "kino.personsroles", "pk": 35, "fields": {"person": 2, "film": 4, "role": 2}}, {"model": "kino.personsroles", "pk": 36, "fields": {"person": 3, "film": 4, "role": 3}}, {"model": "kino.personsroles", "pk": 37, "fields": {"person": 4, "film": 4, "role": 4}}, {"model": "kino.personsroles", "pk": 38, "fields": {"person": 5, "film": 4, "role": 5}}, {"model": "kino.personsroles", "pk": 39, "fields": {"person": 6, "film": 4, "role": 6}}, {"model": "kino.personsroles", "pk": 40, "fields": {"person": 7, "film": 4, "role": 7}}, {"model": "kino.personsroles", "pk": 41, "fields": {"person": 1, "film": 4, "role": 2}}, {"model": "kino.personsroles", "pk": 42, "fields": {"person": 3, "film": 4, "role": 2}}, {"model": "kino.personsroles", "pk": 43, "fields": {"person": 4, "film": 4, "role": 2}}, {"model": "kino.personsroles", "pk": 44, "fields": {"person": 8, "film": 4, "role": 2}}, {"model": "kino.personsroles", "pk": 45, "fields": {"person": 5, "film": 4, "role": 4}}, {"model": "kino.personsroles", "pk": 46, "fields": {"person": 9, "film": 5, "role": 1}}, {"model": "kino.personsroles", "pk": 47, "fields": {"person": 9, "film": 5, "role": 3}}, {"model": "kino.personsroles", "pk": 48, "fields": {"person": 1, "film": 5, "role": 1}}, {"model": "kino.personsroles", "pk": 49, "fields": {"person": 2, "film": 5, "role": 6}}, {"model": "kino.personsroles", "pk": 50, "fields": {"person": 7, "film": 5, "role": 7}}, {"model": "kino.personsroles", "pk": 51, "fields": {"person": 5, "film": 5, "role": 5}}, {"model": "kino.personsroles", "pk": 52, "fields": {"person": 4, "film": 5, "role": 3}}, {"model": "kino.personsroles", "pk": 53, "fields": {"person": 2, "film": 5, "role": 2}}, {"model": "kino.personsroles", "pk": 54, "fields": {"person": 5, "film": 5, "role": 2}}, {"model": "kino.personsroles", "pk": 55, "fields": {"person": 3, "film": 5, "role": 2}}, {"model": "kino.personsroles", "pk": 56, "fields": {"person": 7, "film": 5, "role": 2}}, {"model": "kino.personsroles", "pk": 57, "fields": {"person": 7, "film": 6, "role": 1}}, {"model": "kino.personsroles", "pk": 58, "fields": {"person": 2, "film": 6, "role": 2}}, {"model": "kino.personsroles", "pk": 59, "fields": {"person": 2, "film": 6, "role": 5}}, {"model": "kino.personsroles", "pk": 60, "fields": {"person": 8, "film": 6, "role": 5}}, {"model": "kino.personsroles", "pk": 61, "fields": {"person": 6, "film": 6, "role": 7}}, {"model": "kino.personsroles", "pk": 62, "fields": {"person": 3, "film": 6, "role": 6}}, {"model": "kino.personsroles", "pk": 63, "fields": {"person": 7, "film": 6, "role": 4}}, {"model": "kino.personsroles", "pk": 64, "fields": {"person": 3, "film": 6, "role": 2}}, {"model": "kino.personsroles", "pk": 65, "fields": {"person": 7, "film": 6, "role": 2}}, {"model": "kino.personsroles", "pk": 66, "fields": {"person": 1, "film": 7, "role": 1}}, {"model": "kino.personsroles", "pk": 67, "fields": {"person": 7, "film": 7, "role": 1}}, {"model": "kino.personsroles", "pk": 68, "fields": {"person": 7, "film": 7, "role": 3}}, {"model": "kino.personsroles", "pk": 69, "fields": {"person": 3, "film": 7, "role": 4}}, {"model": "kino.personsroles", "pk": 70, "fields": {"person": 9, "film": 7, "role": 5}}, {"model": "kino.personsroles", "pk": 71, "fields": {"person": 8, "film": 7, "role": 6}}, {"model": "kino.personsroles", "pk": 72, "fields": {"person": 4, "film": 7, "role": 7}}, {"model": "kino.personsroles", "pk": 73, "fields": {"person": 1, "film": 7, "role": 2}}, {"model": "kino.personsroles", "pk": 74, "fields": {"person": 3, "film": 7, "role": 2}}, {"model": "kino.personsroles", "pk": 75, "fields": {"person": 6, "film": 7, "role": 2}}, {"model": "kino.personsroles", "pk": 76, "fields": {"person": 8, "film": 7, "role": 2}}, {"model": "kino.personsroles", "pk": 77, "fields": {"person": 7, "film": 8, "role": 1}}, {"model": "kino.personsroles", "pk": 78, "fields": {"person": 7, "film": 8, "role": 3}}, {"model": "kino.personsroles", "pk": 79, "fields": {"person": 3, "film": 8, "role": 4}}, {"model": "kino.personsroles", "pk": 80, "fields": {"person": 4, "film": 8, "role": 5}}, {"model": "kino.personsroles", "pk": 81, "fields": {"person": 5, "film": 8, "role": 6}}, {"model": "kino.personsroles", "pk": 82, "fields": {"person": 6, "film": 8, "role": 7}}, {"model": "kino.personsroles", "pk": 83, "fields": {"person": 2, "film": 8, "role": 2}}, {"model": "kino.personsroles", "pk": 84, "fields": {"person": 7, "film": 8, "role": 2}}, {"model": "kino.personsroles", "pk": 85, "fields": {"person": 1, "film": 8, "role": 2}}, {"model": "kino.personsroles", "pk": 86, "fields": {"person": 8, "film": 8, "role": 2}}, {"model": "kino.personsroles", "pk": 87, "fields": {"person": 3, "film": 8, "role": 2}}, {"model": "kino.personsroles", "pk": 88, "fields": {"person": 7, "film": 9, "role": 1}}, {"model": "kino.personsroles", "pk": 89, "fields": {"person": 7, "film": 9, "role": 3}}, {"model": "kino.personsroles", "pk": 90, "fields": {"person": 2, "film": 9, "role": 4}}, {"model": "kino.personsroles", "pk": 91, "fields": {"person": 2, "film": 9, "role": 5}}, {"model": "kino.personsroles", "pk": 92, "fields": {"person": 5, "film": 9, "role": 6}}, {"model": "kino.personsroles", "pk": 93, "fields": {"person": 5, "film": 9, "role": 7}}, {"model": "kino.personsroles", "pk": 94, "fields": {"person": 6, "film": 9, "role": 2}}, {"model": "kino.personsroles", "pk": 95, "fields": {"person": 8, "film": 9, "role": 2}}, {"model": "kino.personsroles", "pk": 96, "fields": {"person": 3, "film": 9, "role": 2}}, {"model": "kino.personsroles", "pk": 97, "fields": {"person": 9, "film": 9, "role": 2}}, {"model": "users.user", "pk": 2, "fields": {"password": "pbkdf2_sha256$720000$7OpIwTZjDkXKfP0WW01toq$18xkgb8Pj5D2G0QoADexJ8a5AnTRm/NMKs8ByerJFL4=", "last_login": "2024-05-30T12:09:42.602Z", "is_superuser": true, "username": "1", "first_name": "", "last_name": "", "email": "", "is_staff": true, "is_active": true, "date_joined": "2024-05-30T11:47:42.815Z", "avatar": "", "groups": [], "user_permissions": []}}, {"model": "users.user", "pk": 3, "fields": {"password": "pbkdf2_sha256$720000$NLn89CxSTtEooCEqHOtmyW$X7wqs9eV4JUit929NXi8vbX8jEOu606/y68eLvBrHfY=", "last_login": "2024-05-30T13:29:11.731Z", "is_superuser": false, "username": "kirill256", "first_name": "", "last_name": "", "email": "", "is_staff": true, "is_active": true, "date_joined": "2024-05-30T12:09:15.155Z", "avatar": "", "groups": [1], "user_permissions": []}}, {"model": "users.user", "pk": 4, "fields": {"password": "pbkdf2_sha256$720000$e7NKH4XzXRA0Si9SAmf3ch$H0FoY2TilCadF6roOxWCaJO2zAiTjPWWfe/hKtrX8W4=", "last_login": "2024-05-30T13:31:05.203Z", "is_superuser": false, "username": "user", "first_name": "", "last_name": "", "email": "", "is_staff": false, "is_active": true, "date_joined": "2024-05-30T13:31:04.575Z", "avatar": "users_avatars/zx.webp", "groups": [], "user_permissions": []}}, {"model": "users.user", "pk": 5, "fields": {"password": "pbkdf2_sha256$720000$ObtzSxCgiZydrUvrB3qXXO$feH5M7SPdG8ikW09mHqQeXYVJen/jLRlNVulEJfCybY=", "last_login": "2024-05-30T13:34:01.868Z", "is_superuser": false, "username": "kinolub1234", "first_name": "", "last_name": "", "email": "", "is_staff": false, "is_active": true, "date_joined": "2024-05-30T13:34:01.263Z", "avatar": "", "groups": [], "user_permissions": []}}, {"model": "users.user", "pk": 6, "fields": {"password": "pbkdf2_sha256$720000$nm4gcKii23ORvHL7z4hmSJ$Sww9GFhWqZ/TNijk8qS9ijxuLSd+1wVCszdDFzPUY6w=", "last_login": "2024-05-30T13:36:05.565Z", "is_superuser": false, "username": "alinka", "first_name": "", "last_name": "", "email": "", "is_staff": false, "is_active": true, "date_joined": "2024-05-30T13:36:04.953Z", "avatar": "", "groups": [], "user_permissions": []}}]